week,game_date,player_name,display_name,position,team,opponent,is_home,prop_type,line_type,line_value,prob_over,prob_under,recommendation,confidence,opponent_def_rank,avg_L3,avg_L5,avg_L10,trend,injury_note
19,2026-01-11 00:00:00+00:00,N.Mullens,Nick Mullens,QB,JAX,BUF,True,passing_yards,starter,200.0,0.008924085646867752,0.9910759329795837,UNDER,0.9910759329795837,3.0,13.666666666666666,110.0,152.0,‚û°Ô∏è,
19,2026-01-11 00:00:00+00:00,D.Dallas,DeeJay Dallas,RB,JAX,BUF,True,receptions,starter,3.5,0.0582238994538784,0.9417760968208313,UNDER,0.9417760968208313,2.0,1.0,0.8,0.8,‚û°Ô∏è,
19,2026-01-11 00:00:00+00:00,T.Bigsby,Tank Bigsby,RB,PHI,SF,True,receptions,starter,3.5,0.060977134853601456,0.9390228390693665,UNDER,0.9390228390693665,12.0,0.6666666666666666,0.6,0.8,‚û°Ô∏è,
19,2026-01-10 00:00:00+00:00,P.Nacua,Puka Nacua,WR,LA,CAR,False,receptions,elite_wr,7.5,0.9358484745025635,0.06415152549743652,OVER,0.9358484745025635,7.0,8.666666666666666,7.8,6.7,üî•,
19,2026-01-11 00:00:00+00:00,S.Barkley,Saquon Barkley,RB,PHI,SF,True,rushing_yards,star_rb,55.0,0.9334776401519775,0.06652235984802246,OVER,0.9334776401519775,3.0,110.66666666666669,82.0,80.5,üî•,
19,2026-01-10 00:00:00+00:00,P.Nacua,Puka Nacua,WR,LA,CAR,False,receiving_yards,elite_wr,70.0,0.9299760460853577,0.07002395391464233,OVER,0.9299760460853577,7.0,151.0,138.4,105.1,‚û°Ô∏è,
19,2026-01-11 00:00:00+00:00,N.Mullens,Nick Mullens,QB,JAX,BUF,True,passing_tds,starter,0.5,0.0714847669005394,0.9285152554512024,UNDER,0.9285152554512024,3.0,0.0,0.6,0.8,‚û°Ô∏è,
19,2026-01-11 00:00:00+00:00,J.Hawes,Jackson Hawes,TE,BUF,JAX,False,receptions,starter,3.5,0.08256102353334427,0.9174389839172363,UNDER,0.9174389839172363,19.0,1.3333333333333333,1.4,1.3,‚û°Ô∏è,
19,2026-01-10 00:00:00+00:00,D.Smythe,Durham Smythe,TE,CHI,GB,True,receptions,starter,3.5,0.087858647108078,0.9121413230895996,UNDER,0.9121413230895996,9.0,1.0,0.8,0.8,‚û°Ô∏è,
19,2026-01-12 00:00:00+00:00,D.Ogunbowale,Dare Ogunbowale,RB,HOU,PIT,False,receptions,starter,3.5,0.08927718549966812,0.9107227921485901,UNDER,0.9107227921485901,26.0,1.6666666666666667,1.4,1.3,üî•,
19,2026-01-11 00:00:00+00:00,T.Lance,Trey Lance,QB,LAC,NE,False,passing_yards,starter,200.0,0.09048070758581161,0.9095193147659302,UNDER,0.9095193147659302,6.0,30.0,67.0,99.1,‚û°Ô∏è,
19,2026-01-11 00:00:00+00:00,J.Dobbs,Joshua Dobbs,QB,NE,LAC,True,passing_yards,starter,200.0,0.09546653181314468,0.9045334458351135,UNDER,0.9045334458351135,10.0,14.0,80.6,129.8,‚û°Ô∏è,
19,2026-01-11 00:00:00+00:00,H.Haskins,Hassan Haskins,RB,LAC,NE,False,receptions,starter,3.5,0.10205431282520294,0.8979457020759583,UNDER,0.8979457020759583,1.0,0.6666666666666666,1.0,1.4,üî•,
19,2026-01-11 00:00:00+00:00,T.Shavers,Tyrell Shavers,WR,BUF,JAX,False,receptions,starter,3.5,0.10366244614124298,0.8963375687599182,UNDER,0.8963375687599182,19.0,2.0,1.6,1.4,‚ùÑÔ∏è,
19,2026-01-12 00:00:00+00:00,D.Ogunbowale,Dare Ogunbowale,RB,HOU,PIT,False,rushing_yards,starter,24.0,0.10615266114473343,0.8938473463058472,UNDER,0.8938473463058472,31.0,1.3333333333333333,4.4,8.0,‚ùÑÔ∏è,
19,2026-01-10 00:00:00+00:00,B.Corum,Blake Corum,RB,LA,CAR,False,receptions,starter,3.5,0.10881879180669785,0.891181230545044,UNDER,0.891181230545044,7.0,1.0,0.8,1.1,üî•,
19,2026-01-11 00:00:00+00:00,T.Lance,Trey Lance,QB,LAC,NE,False,passing_tds,starter,0.5,0.11156868189573288,0.8884313106536865,UNDER,0.8884313106536865,6.0,0.0,0.0,0.2,‚û°Ô∏è,
19,2026-01-11 00:00:00+00:00,J.Mundt,Johnny Mundt,TE,JAX,BUF,True,receptions,starter,3.5,0.11625336110591888,0.8837466239929199,UNDER,0.8837466239929199,2.0,1.0,1.0,0.8,‚ùÑÔ∏è,
19,2026-01-11 00:00:00+00:00,W.Shipley,Will Shipley,RB,PHI,SF,True,receptions,starter,3.5,0.11683622002601624,0.8831638097763062,UNDER,0.8831638097763062,12.0,1.0,1.2,1.375,‚û°Ô∏è,
19,2026-01-11 00:00:00+00:00,K.Vidal,Kimani Vidal,RB,LAC,NE,False,receptions,starter,3.5,0.11828234046697617,0.8817176818847656,UNDER,0.8817176818847656,1.0,1.0,1.2,1.5,‚ùÑÔ∏è,
19,2026-01-11 00:00:00+00:00,M.Trubisky,Mitchell Trubisky,QB,BUF,JAX,False,passing_yards,starter,200.0,0.11934461444616318,0.8806554079055786,UNDER,0.8806554079055786,27.0,51.66666666666666,45.6,70.9,üî•,
19,2026-01-10 00:00:00+00:00,J.Whyle,Josh Whyle,TE,GB,CHI,False,receiving_yards,starter,27.0,0.1197577491402626,0.8802422285079956,UNDER,0.8802422285079956,16.0,9.666666666666666,6.4,13.2,üî•,
19,2026-01-12 00:00:00+00:00,N.Chubb,Nick Chubb,RB,HOU,PIT,False,receptions,starter,3.5,0.11999622732400894,0.8800037503242493,UNDER,0.8800037503242493,26.0,0.6666666666666666,1.0,1.2,‚ùÑÔ∏è,
19,2026-01-12 00:00:00+00:00,W.Marks,Woody Marks,RB,HOU,PIT,False,receptions,starter,3.5,0.12159867584705353,0.8784013390541077,UNDER,0.8784013390541077,26.0,1.3333333333333333,1.2,1.6,‚û°Ô∏è,
19,2026-01-12 00:00:00+00:00,W.Marks,Woody Marks,RB,HOU,PIT,False,rushing_yards,good_rb,40.0,0.8766635060310364,0.12333649396896362,OVER,0.8766635060310364,31.0,56.333333333333336,61.4,51.8,‚ùÑÔ∏è,
19,2026-01-11 00:00:00+00:00,G.Calcaterra,Grant Calcaterra,TE,PHI,SF,True,receptions,starter,3.5,0.12599124014377594,0.8740087747573853,UNDER,0.8740087747573853,12.0,1.0,1.0,1.1,üî•,
19,2026-01-11 00:00:00+00:00,K.Granson,Kylen Granson,TE,PHI,SF,True,receptions,starter,3.5,0.12787936627864838,0.8721206188201904,UNDER,0.8721206188201904,12.0,1.0,1.4,1.3,‚û°Ô∏è,
19,2026-01-10 00:00:00+00:00,C.Tune,Clayton Tune,QB,GB,CHI,False,passing_tds,starter,0.5,0.12924425303936005,0.8707557320594788,UNDER,0.8707557320594788,12.0,0.0,0.0,0.0,‚û°Ô∏è,
19,2026-01-10 00:00:00+00:00,J.Whyle,Josh Whyle,TE,GB,CHI,False,receptions,starter,3.5,0.13559141755104065,0.8644086122512817,UNDER,0.8644086122512817,16.0,0.6666666666666666,0.8,1.7,üî•,
19,2026-01-12 00:00:00+00:00,D.Mills,Davis Mills,QB,HOU,PIT,False,passing_yards,starter,200.0,0.1382935643196106,0.8617064356803894,UNDER,0.8617064356803894,30.0,239.66666666666663,175.8,109.7,‚û°Ô∏è,
19,2026-01-10 00:00:00+00:00,R.Rivers,Ronnie Rivers,RB,LA,CAR,False,receptions,starter,3.5,0.13993269205093384,0.8600673079490662,UNDER,0.8600673079490662,7.0,1.6666666666666667,1.6,1.75,üî•,
19,2026-01-12 00:00:00+00:00,A.Thielen,Adam Thielen,WR,PIT,HOU,True,receptions,starter,3.5,0.14005634188652039,0.8599436283111572,UNDER,0.8599436283111572,14.0,2.0,1.4,1.2,‚û°Ô∏è,
19,2026-01-11 00:00:00+00:00,J.Cook,James Cook,RB,BUF,JAX,False,rushing_yards,elite_rb,75.0,0.8591185808181763,0.14088141918182373,OVER,0.8591185808181763,10.0,99.33333333333331,104.4,106.9,‚ùÑÔ∏è,
19,2026-01-10 00:00:00+00:00,D.Swift,D'Andre Swift,RB,CHI,GB,True,rushing_yards,star_rb,55.0,0.8570910692214966,0.14290893077850342,OVER,0.8570910692214966,28.0,70.0,79.6,75.2,‚ùÑÔ∏è,
19,2026-01-11 00:00:00+00:00,G.Calcaterra,Grant Calcaterra,TE,PHI,SF,True,receiving_yards,starter,27.0,0.1458072066307068,0.8541927933692932,UNDER,0.8541927933692932,12.0,5.0,6.6,10.3,‚û°Ô∏è,
19,2026-01-10 00:00:00+00:00,B.Corum,Blake Corum,RB,LA,CAR,False,rushing_yards,good_rb,40.0,0.8519620895385742,0.14803791046142578,OVER,0.8519620895385742,25.0,45.66666666666666,69.2,53.1,‚ùÑÔ∏è,
19,2026-01-10 00:00:00+00:00,B.Tremayne,Brycen Tremayne,WR,CAR,LA,True,receptions,starter,3.5,0.1487685889005661,0.8512313961982727,UNDER,0.8512313961982727,25.0,1.0,1.4,1.625,‚ùÑÔ∏è,
19,2026-01-11 00:00:00+00:00,J.Westover,Jack Westover,TE,NE,LAC,True,receptions,starter,3.5,0.15346933901309967,0.8465306758880615,UNDER,0.8465306758880615,11.0,0.0,0.0,0.0,‚û°Ô∏è,
19,2026-01-11 00:00:00+00:00,J.Hawes,Jackson Hawes,TE,BUF,JAX,False,receiving_yards,starter,27.0,0.1566157042980194,0.8433842658996582,UNDER,0.8433842658996582,19.0,12.666666666666666,14.8,15.3,‚û°Ô∏è,
19,2026-01-10 00:00:00+00:00,K.Mumpfield,Konata Mumpfield,WR,LA,CAR,False,receptions,starter,3.5,0.15888068079948425,0.8411192893981934,UNDER,0.8411192893981934,7.0,1.6666666666666667,1.6,1.25,üî•,
19,2026-01-11 00:00:00+00:00,D.Dallas,DeeJay Dallas,RB,JAX,BUF,True,rushing_yards,starter,24.0,0.1687639206647873,0.8312360644340515,UNDER,0.8312360644340515,15.0,12.333333333333334,9.8,7.8,‚û°Ô∏è,
19,2026-01-11 00:00:00+00:00,W.Dissly,Will Dissly,TE,LAC,NE,False,receptions,starter,3.5,0.16887705028057098,0.8311229348182678,UNDER,0.8311229348182678,1.0,2.0,1.6,1.9,üî•,
19,2026-01-10 00:00:00+00:00,B.Tremayne,Brycen Tremayne,WR,CAR,LA,True,receiving_yards,starter,27.0,0.17050448060035706,0.8294955492019653,UNDER,0.8294955492019653,25.0,8.333333333333334,14.0,16.375,‚û°Ô∏è,
19,2026-01-10 00:00:00+00:00,D.Duvernay,Devin Duvernay,WR,CHI,GB,True,receiving_yards,starter,27.0,0.17193935811519623,0.8280606269836426,UNDER,0.8280606269836426,9.0,10.0,15.0,11.5,‚û°Ô∏è,
19,2026-01-10 00:00:00+00:00,T.Tremble,Tommy Tremble,TE,CAR,LA,True,receptions,starter,3.5,0.172555610537529,0.8274443745613098,UNDER,0.8274443745613098,25.0,1.3333333333333333,1.2,1.3,üî•,
19,2026-01-10 00:00:00+00:00,M.Stafford,Matthew Stafford,QB,LA,CAR,False,passing_tds,elite_qb,2.5,0.8217657804489136,0.17823421955108643,OVER,0.8217657804489136,7.0,2.333333333333333,2.4,3.0,üî•,
19,2026-01-11 00:00:00+00:00,J.Dobbs,Joshua Dobbs,QB,NE,LAC,True,passing_tds,starter,0.5,0.18528172373771667,0.8147182464599609,UNDER,0.8147182464599609,10.0,0.0,0.4,0.7,‚û°Ô∏è,
19,2026-01-12 00:00:00+00:00,M.Valdes-Scantling,Marquez Valdes-Scantling,WR,PIT,HOU,True,receptions,starter,3.5,0.18605221807956696,0.8139477968215942,UNDER,0.8139477968215942,14.0,0.6666666666666666,1.0,1.1,‚û°Ô∏è,
19,2026-01-11 00:00:00+00:00,J.Patterson,Jaret Patterson,RB,LAC,NE,False,receptions,starter,3.5,0.18659305572509766,0.8134069442749023,UNDER,0.8134069442749023,1.0,2.333333333333333,1.6,1.4285714285714286,‚û°Ô∏è,
19,2026-01-11 00:00:00+00:00,J.Westover,Jack Westover,TE,NE,LAC,True,receiving_yards,starter,27.0,0.18943069875240326,0.8105692863464355,UNDER,0.8105692863464355,11.0,0.0,0.0,0.0,‚û°Ô∏è,
19,2026-01-11 00:00:00+00:00,G.Kittle,George Kittle,TE,SF,PHI,False,receiving_yards,star_wr,50.0,0.8093428015708923,0.19065719842910767,OVER,0.8093428015708923,10.0,90.0,83.0,59.9,‚û°Ô∏è,
19,2026-01-12 00:00:00+00:00,A.Thielen,Adam Thielen,WR,PIT,HOU,True,receiving_yards,starter,27.0,0.19334357976913452,0.8066564202308655,UNDER,0.8066564202308655,14.0,20.0,13.2,10.3,‚û°Ô∏è,
19,2026-01-10 00:00:00+00:00,T.Atwell,Tutu Atwell,WR,LA,CAR,False,receptions,starter,3.5,0.19451604783535004,0.8054839372634888,UNDER,0.8054839372634888,7.0,1.0,0.8,1.2,‚ùÑÔ∏è,
19,2026-01-11 00:00:00+00:00,G.Kittle,George Kittle,TE,SF,PHI,False,receptions,star_wr,5.5,0.8045868277549744,0.19541317224502563,OVER,0.8045868277549744,10.0,6.333333333333333,6.2,5.2,üî•,
19,2026-01-10 00:00:00+00:00,D.Smythe,Durham Smythe,TE,CHI,GB,True,receiving_yards,starter,27.0,0.196171835064888,0.8038281798362732,UNDER,0.8038281798362732,9.0,4.666666666666667,3.8,4.6,‚û°Ô∏è,
19,2026-01-10 00:00:00+00:00,R.Dowdle,Rico Dowdle,RB,CAR,LA,True,rushing_yards,starter,24.0,0.7934118509292603,0.20658814907073975,OVER,0.7934118509292603,13.0,45.66666666666666,46.6,59.4,‚ùÑÔ∏è,
19,2026-01-10 00:00:00+00:00,T.Tremble,Tommy Tremble,TE,CAR,LA,True,receiving_yards,starter,27.0,0.2068227380514145,0.7931772470474243,UNDER,0.7931772470474243,25.0,8.333333333333334,16.2,13.1,‚ùÑÔ∏è,
19,2026-01-11 00:00:00+00:00,T.Etienne,Travis Etienne,RB,JAX,BUF,True,rushing_yards,good_rb,40.0,0.7915867567062378,0.2084132432937622,OVER,0.7915867567062378,15.0,52.66666666666666,52.0,60.5,‚û°Ô∏è,
19,2026-01-10 00:00:00+00:00,D.Duvernay,Devin Duvernay,WR,CHI,GB,True,receptions,starter,3.5,0.21010427176952362,0.7898957133293152,UNDER,0.7898957133293152,9.0,1.0,1.4,1.5,‚û°Ô∏è,
19,2026-01-10 00:00:00+00:00,C.Loveland,Colston Loveland,TE,CHI,GB,True,receiving_yards,good_wr,35.0,0.7847115397453308,0.2152884602546692,OVER,0.7847115397453308,9.0,62.333333333333336,48.8,54.4,üî•,
19,2026-01-12 00:00:00+00:00,D.Metcalf,DK Metcalf,WR,PIT,HOU,True,receiving_yards,good_wr,35.0,0.7824918031692505,0.2175081968307495,OVER,0.7824918031692505,14.0,78.33333333333333,61.2,54.7,üî•,
19,2026-01-11 00:00:00+00:00,J.Mundt,Johnny Mundt,TE,JAX,BUF,True,receiving_yards,starter,27.0,0.21903683245182037,0.7809631824493408,UNDER,0.7809631824493408,2.0,12.333333333333334,13.4,9.5,‚ùÑÔ∏è,
19,2026-01-11 00:00:00+00:00,K.Shakir,Khalil Shakir,WR,BUF,JAX,False,receptions,starter,3.5,0.7787950038909912,0.2212049961090088,OVER,0.7787950038909912,19.0,3.6666666666666665,4.0,4.4,üî•,
19,2026-01-11 00:00:00+00:00,A.Hooper,Austin Hooper,TE,NE,LAC,True,receptions,starter,3.5,0.2214437872171402,0.778556227684021,UNDER,0.778556227684021,11.0,2.333333333333333,1.6,1.6,üî•,
19,2026-01-11 00:00:00+00:00,L.McConkey,Ladd McConkey,WR,LAC,NE,False,receptions,starter,3.5,0.777765691280365,0.222234308719635,OVER,0.777765691280365,1.0,2.333333333333333,2.8,4.4,‚û°Ô∏è,
19,2026-01-10 00:00:00+00:00,D.Swift,D'Andre Swift,RB,CHI,GB,True,receptions,starter,3.5,0.22317630052566528,0.7768236994743347,UNDER,0.7768236994743347,9.0,1.6666666666666667,1.8,1.8,‚û°Ô∏è,
19,2026-01-11 00:00:00+00:00,J.Meyers,Jakobi Meyers,WR,JAX,BUF,True,receptions,good_wr,4.5,0.7766208052635193,0.2233791947364807,OVER,0.7766208052635193,2.0,5.0,5.0,4.5,‚û°Ô∏è,
19,2026-01-12 00:00:00+00:00,J.Noel,Jaylin Noel,WR,HOU,PIT,False,receptions,starter,3.5,0.22884848713874817,0.7711515426635742,UNDER,0.7711515426635742,26.0,1.6666666666666667,1.4,2.3,üî•,
19,2026-01-11 00:00:00+00:00,B.Cooks,Brandin Cooks,WR,BUF,JAX,False,receiving_tds,anytime,0.5,0.22888749837875366,0.7711125016212463,UNDER,0.7711125016212463,19.0,0.0,0.0,0.0,‚û°Ô∏è,
19,2026-01-12 00:00:00+00:00,D.Schultz,Dalton Schultz,TE,HOU,PIT,False,receptions,good_wr,4.5,0.769361674785614,0.230638325214386,OVER,0.769361674785614,26.0,5.333333333333333,5.2,4.8,‚ùÑÔ∏è,
19,2026-01-11 00:00:00+00:00,G.Calcaterra,Grant Calcaterra,TE,PHI,SF,True,receiving_tds,anytime,0.5,0.23413418233394623,0.7658658027648926,UNDER,0.7658658027648926,12.0,0.0,0.0,0.0,‚û°Ô∏è,
19,2026-01-10 00:00:00+00:00,P.Nacua,Puka Nacua,WR,LA,CAR,False,receiving_tds,star_wr,0.5,0.7658149003982544,0.2341850996017456,OVER,0.7658149003982544,7.0,1.0,1.0,0.7,üî•,
19,2026-01-11 00:00:00+00:00,B.Cooks,Brandin Cooks,WR,BUF,JAX,False,receptions,starter,3.5,0.23512528836727142,0.7648746967315674,UNDER,0.7648746967315674,19.0,0.3333333333333333,1.2,1.5,‚û°Ô∏è,
19,2026-01-11 00:00:00+00:00,B.Cooks,Brandin Cooks,WR,BUF,JAX,False,receiving_yards,starter,27.0,0.2369949221611023,0.7630050778388977,UNDER,0.7630050778388977,19.0,4.333333333333333,10.2,12.6,‚û°Ô∏è,
19,2026-01-11 00:00:00+00:00,W.Shipley,Will Shipley,RB,PHI,SF,True,rushing_yards,starter,24.0,0.23802082240581512,0.7619791626930237,UNDER,0.7619791626930237,3.0,7.0,9.4,19.1,‚ùÑÔ∏è,
19,2026-01-11 00:00:00+00:00,S.Diggs,Stefon Diggs,WR,NE,LAC,True,receptions,good_wr,4.5,0.7607870101928711,0.2392129898071289,OVER,0.7607870101928711,11.0,6.0,4.6,5.0,üî•,
19,2026-01-12 00:00:00+00:00,C.Stover,Cade Stover,TE,HOU,PIT,False,receiving_yards,starter,27.0,0.24131448566913605,0.7586855292320251,UNDER,0.7586855292320251,26.0,15.0,13.4,12.6,‚û°Ô∏è,
19,2026-01-11 00:00:00+00:00,W.Dissly,Will Dissly,TE,LAC,NE,False,receiving_yards,starter,27.0,0.24146577715873718,0.7585341930389404,UNDER,0.7585341930389404,1.0,16.0,13.2,17.0,üî•,
19,2026-01-11 00:00:00+00:00,L.McConkey,Ladd McConkey,WR,LAC,NE,False,receiving_yards,good_wr,35.0,0.7550585865974426,0.24494141340255737,OVER,0.7550585865974426,1.0,25.0,25.4,54.5,üî•,
19,2026-01-11 00:00:00+00:00,K.Granson,Kylen Granson,TE,PHI,SF,True,receiving_yards,starter,27.0,0.24598626792430878,0.75401371717453,UNDER,0.75401371717453,12.0,3.333333333333333,10.2,11.7,‚û°Ô∏è,
19,2026-01-11 00:00:00+00:00,B.Purdy,Brock Purdy,QB,SF,PHI,False,passing_yards,good_qb,225.0,0.753486692905426,0.24651330709457397,OVER,0.753486692905426,8.0,297.6666666666667,250.8,273.0,‚û°Ô∏è,
19,2026-01-11 00:00:00+00:00,D.Douglas,DeMario Douglas,WR,NE,LAC,True,receptions,starter,3.5,0.24701404571533203,0.752985954284668,UNDER,0.752985954284668,11.0,1.6666666666666667,1.8,2.2,‚ùÑÔ∏è,
19,2026-01-10 00:00:00+00:00,D.Swift,D'Andre Swift,RB,CHI,GB,True,rushing_tds,good_rb,0.5,0.7527488470077515,0.24725115299224854,OVER,0.7527488470077515,28.0,1.3333333333333333,1.0,0.7,‚ùÑÔ∏è,
19,2026-01-10 00:00:00+00:00,L.Musgrave,Luke Musgrave,TE,GB,CHI,False,receptions,starter,3.5,0.25,0.75,UNDER,0.75,16.0,2.333333333333333,1.8,1.8,üî•,
19,2026-01-10 00:00:00+00:00,L.Musgrave,Luke Musgrave,TE,GB,CHI,False,receiving_tds,anytime,0.5,0.25,0.75,UNDER,0.75,16.0,0.0,0.0,0.0,‚û°Ô∏è,
19,2026-01-11 00:00:00+00:00,T.Shavers,Tyrell Shavers,WR,BUF,JAX,False,receiving_tds,anytime,0.5,0.25,0.75,UNDER,0.75,19.0,0.3333333333333333,0.2,0.2,‚ùÑÔ∏è,
19,2026-01-11 00:00:00+00:00,J.Hawes,Jackson Hawes,TE,BUF,JAX,False,receiving_tds,anytime,0.5,0.25,0.75,UNDER,0.75,19.0,0.3333333333333333,0.2,0.3,‚ùÑÔ∏è,
19,2026-01-11 00:00:00+00:00,K.Shakir,Khalil Shakir,WR,BUF,JAX,False,receiving_tds,anytime,0.5,0.25,0.75,UNDER,0.75,19.0,0.3333333333333333,0.2,0.2,‚ùÑÔ∏è,
19,2026-01-10 00:00:00+00:00,D.Duvernay,Devin Duvernay,WR,CHI,GB,True,receiving_tds,anytime,0.5,0.25,0.75,UNDER,0.75,9.0,0.0,0.0,0.0,‚û°Ô∏è,
19,2026-01-10 00:00:00+00:00,T.Atwell,Tutu Atwell,WR,LA,CAR,False,receiving_tds,anytime,0.5,0.25,0.75,UNDER,0.75,7.0,0.0,0.2,0.1,‚ùÑÔ∏è,
19,2026-01-10 00:00:00+00:00,D.Smythe,Durham Smythe,TE,CHI,GB,True,receiving_tds,anytime,0.5,0.25,0.75,UNDER,0.75,9.0,0.0,0.0,0.0,‚û°Ô∏è,
19,2026-01-10 00:00:00+00:00,K.Mumpfield,Konata Mumpfield,WR,LA,CAR,False,receiving_yards,starter,27.0,0.25,0.75,UNDER,0.75,7.0,16.666666666666668,16.0,11.5,üî•,
19,2026-01-10 00:00:00+00:00,C.Kmet,Cole Kmet,TE,CHI,GB,True,receiving_tds,anytime,0.5,0.25,0.75,UNDER,0.75,9.0,0.0,0.2,0.1,‚ùÑÔ∏è,
19,2026-01-10 00:00:00+00:00,J.Garoppolo,Jimmy Garoppolo,QB,LA,CAR,False,passing_tds,good_qb,1.5,0.25,0.75,UNDER,0.75,7.0,0.3333333333333333,0.8,1.2,‚û°Ô∏è,
19,2026-01-10 00:00:00+00:00,K.Mumpfield,Konata Mumpfield,WR,LA,CAR,False,receiving_tds,anytime,0.5,0.25,0.75,UNDER,0.75,7.0,0.0,0.0,0.125,‚û°Ô∏è,
19,2026-01-10 00:00:00+00:00,R.Rivers,Ronnie Rivers,RB,LA,CAR,False,rushing_tds,anytime,0.5,0.25,0.75,UNDER,0.75,25.0,0.0,0.0,0.0,‚û°Ô∏è,
19,2026-01-10 00:00:00+00:00,X.Legette,Xavier Legette,WR,CAR,LA,True,receiving_yards,starter,27.0,0.25,0.75,UNDER,0.75,25.0,18.0,15.4,29.1,‚ùÑÔ∏è,
19,2026-01-10 00:00:00+00:00,X.Legette,Xavier Legette,WR,CAR,LA,True,receptions,starter,3.5,0.25,0.75,UNDER,0.75,25.0,1.3333333333333333,1.6,2.4,‚û°Ô∏è,
19,2026-01-10 00:00:00+00:00,T.Tremble,Tommy Tremble,TE,CAR,LA,True,receiving_tds,anytime,0.5,0.25,0.75,UNDER,0.75,25.0,0.0,0.0,0.0,‚û°Ô∏è,
19,2026-01-11 00:00:00+00:00,J.Mundt,Johnny Mundt,TE,JAX,BUF,True,receiving_tds,anytime,0.5,0.25,0.75,UNDER,0.75,2.0,0.0,0.0,0.0,‚û°Ô∏è,
19,2026-01-11 00:00:00+00:00,D.Dallas,DeeJay Dallas,RB,JAX,BUF,True,rushing_tds,anytime,0.5,0.25,0.75,UNDER,0.75,15.0,0.0,0.0,0.0,‚û°Ô∏è,
19,2026-01-10 00:00:00+00:00,C.Tune,Clayton Tune,QB,GB,CHI,False,passing_yards,starter,200.0,0.25,0.75,UNDER,0.75,12.0,24.666666666666668,19.5,19.5,‚û°Ô∏è,
19,2026-01-10 00:00:00+00:00,J.Whyle,Josh Whyle,TE,GB,CHI,False,receiving_tds,anytime,0.5,0.25,0.75,UNDER,0.75,16.0,0.0,0.2,0.2,‚ùÑÔ∏è,
19,2026-01-10 00:00:00+00:00,O.Zaccheaus,Olamide Zaccheaus,WR,CHI,GB,True,receptions,starter,3.5,0.25,0.75,UNDER,0.75,9.0,1.3333333333333333,1.2,2.8,‚û°Ô∏è,
19,2026-01-10 00:00:00+00:00,B.Tremayne,Brycen Tremayne,WR,CAR,LA,True,receiving_tds,anytime,0.5,0.25,0.75,UNDER,0.75,25.0,0.0,0.0,0.0,‚û°Ô∏è,
19,2026-01-10 00:00:00+00:00,R.Dowdle,Rico Dowdle,RB,CAR,LA,True,rushing_tds,anytime,0.5,0.25,0.75,UNDER,0.75,13.0,0.3333333333333333,0.2,0.4,‚ùÑÔ∏è,
19,2026-01-10 00:00:00+00:00,X.Legette,Xavier Legette,WR,CAR,LA,True,receiving_tds,anytime,0.5,0.25,0.75,UNDER,0.75,25.0,0.0,0.0,0.2,‚û°Ô∏è,
19,2026-01-12 00:00:00+00:00,C.Kirk,Christian Kirk,WR,HOU,PIT,False,receiving_tds,anytime,0.5,0.25,0.75,UNDER,0.75,26.0,0.0,0.2,0.1,‚ùÑÔ∏è,
19,2026-01-12 00:00:00+00:00,D.Ogunbowale,Dare Ogunbowale,RB,HOU,PIT,False,rushing_tds,anytime,0.5,0.25,0.75,UNDER,0.75,31.0,0.3333333333333333,0.2,0.1,‚ùÑÔ∏è,
19,2026-01-12 00:00:00+00:00,J.Noel,Jaylin Noel,WR,HOU,PIT,False,receiving_tds,anytime,0.5,0.25,0.75,UNDER,0.75,26.0,0.3333333333333333,0.2,0.2,‚û°Ô∏è,
19,2026-01-12 00:00:00+00:00,C.Stover,Cade Stover,TE,HOU,PIT,False,receiving_tds,anytime,0.5,0.25,0.75,UNDER,0.75,26.0,0.0,0.0,0.1,‚û°Ô∏è,
19,2026-01-12 00:00:00+00:00,W.Marks,Woody Marks,RB,HOU,PIT,False,rushing_tds,anytime,0.5,0.25,0.75,UNDER,0.75,31.0,0.0,0.0,0.1,‚û°Ô∏è,
19,2026-01-12 00:00:00+00:00,X.Hutchinson,Xavier Hutchinson,WR,HOU,PIT,False,receiving_tds,anytime,0.5,0.25,0.75,UNDER,0.75,26.0,0.0,0.0,0.3,‚û°Ô∏è,
19,2026-01-12 00:00:00+00:00,K.Gainwell,Kenneth Gainwell,RB,PIT,HOU,True,rushing_tds,anytime,0.5,0.25,0.75,UNDER,0.75,27.0,0.3333333333333333,0.2,0.1,‚ùÑÔ∏è,
19,2026-01-11 00:00:00+00:00,H.Haskins,Hassan Haskins,RB,LAC,NE,False,rushing_tds,anytime,0.5,0.25,0.75,UNDER,0.75,12.0,0.0,0.0,0.1,‚û°Ô∏è,
19,2026-01-11 00:00:00+00:00,J.Patterson,Jaret Patterson,RB,LAC,NE,False,rushing_tds,anytime,0.5,0.25,0.75,UNDER,0.75,12.0,0.3333333333333333,0.2,0.3,‚û°Ô∏è,
19,2026-01-11 00:00:00+00:00,H.Haskins,Hassan Haskins,RB,LAC,NE,False,rushing_yards,starter,24.0,0.25,0.75,UNDER,0.75,12.0,10.333333333333334,9.8,11.6,‚ùÑÔ∏è,
19,2026-01-11 00:00:00+00:00,K.Vidal,Kimani Vidal,RB,LAC,NE,False,rushing_tds,anytime,0.5,0.25,0.75,UNDER,0.75,12.0,0.0,0.2,0.3,‚ùÑÔ∏è,
19,2026-01-12 00:00:00+00:00,M.Valdes-Scantling,Marquez Valdes-Scantling,WR,PIT,HOU,True,receiving_tds,anytime,0.5,0.25,0.75,UNDER,0.75,14.0,0.3333333333333333,0.2,0.1,‚û°Ô∏è,
19,2026-01-11 00:00:00+00:00,W.Dissly,Will Dissly,TE,LAC,NE,False,receiving_tds,anytime,0.5,0.25,0.75,UNDER,0.75,1.0,0.0,0.0,0.1,‚û°Ô∏è,
19,2026-01-12 00:00:00+00:00,N.Chubb,Nick Chubb,RB,HOU,PIT,False,rushing_tds,anytime,0.5,0.25,0.75,UNDER,0.75,31.0,0.3333333333333333,0.2,0.2,‚ùÑÔ∏è,
19,2026-01-12 00:00:00+00:00,X.Hutchinson,Xavier Hutchinson,WR,HOU,PIT,False,receptions,starter,3.5,0.25,0.75,UNDER,0.75,26.0,1.3333333333333333,1.2,2.1,üî•,
19,2026-01-12 00:00:00+00:00,D.Metcalf,DK Metcalf,WR,PIT,HOU,True,receiving_tds,anytime,0.5,0.25,0.75,UNDER,0.75,14.0,0.3333333333333333,0.2,0.3,‚û°Ô∏è,
19,2026-01-11 00:00:00+00:00,A.Hooper,Austin Hooper,TE,NE,LAC,True,receiving_tds,anytime,0.5,0.25,0.75,UNDER,0.75,11.0,0.3333333333333333,0.2,0.2,‚û°Ô∏è,
19,2026-01-11 00:00:00+00:00,D.Douglas,DeMario Douglas,WR,NE,LAC,True,receiving_tds,anytime,0.5,0.25,0.75,UNDER,0.75,11.0,0.0,0.0,0.2,‚û°Ô∏è,
19,2026-01-11 00:00:00+00:00,K.Bourne,Kendrick Bourne,WR,SF,PHI,False,receptions,starter,3.5,0.25,0.75,UNDER,0.75,10.0,2.0,1.4,2.9,üî•,
19,2026-01-11 00:00:00+00:00,K.Bourne,Kendrick Bourne,WR,SF,PHI,False,receiving_tds,anytime,0.5,0.25,0.75,UNDER,0.75,10.0,0.0,0.0,0.0,‚û°Ô∏è,
19,2026-01-11 00:00:00+00:00,J.Westover,Jack Westover,TE,NE,LAC,True,receiving_tds,anytime,0.5,0.25,0.75,UNDER,0.75,11.0,0.0,0.0,0.0,‚û°Ô∏è,
19,2026-01-11 00:00:00+00:00,S.Diggs,Stefon Diggs,WR,NE,LAC,True,receiving_tds,anytime,0.5,0.25,0.75,UNDER,0.75,11.0,0.3333333333333333,0.2,0.4,‚û°Ô∏è,
19,2026-01-12 00:00:00+00:00,P.Freiermuth,Pat Freiermuth,TE,PIT,HOU,True,receiving_tds,anytime,0.5,0.25,0.75,UNDER,0.75,14.0,0.0,0.2,0.4,‚ùÑÔ∏è,
19,2026-01-12 00:00:00+00:00,A.Thielen,Adam Thielen,WR,PIT,HOU,True,receiving_tds,anytime,0.5,0.25,0.75,UNDER,0.75,14.0,0.0,0.0,0.0,‚û°Ô∏è,
19,2026-01-11 00:00:00+00:00,W.Shipley,Will Shipley,RB,PHI,SF,True,rushing_tds,anytime,0.5,0.25,0.75,UNDER,0.75,3.0,0.0,0.0,0.1,‚û°Ô∏è,
19,2026-01-11 00:00:00+00:00,B.Covey,Britain Covey,WR,PHI,SF,True,receiving_tds,anytime,0.5,0.25,0.75,UNDER,0.75,12.0,0.0,0.0,0.0,‚û°Ô∏è,
19,2026-01-11 00:00:00+00:00,A.Dillon,AJ Dillon,RB,PHI,SF,True,rushing_tds,anytime,0.5,0.25,0.75,UNDER,0.75,3.0,0.0,0.0,0.1,‚û°Ô∏è,
19,2026-01-11 00:00:00+00:00,B.Covey,Britain Covey,WR,PHI,SF,True,receiving_yards,starter,27.0,0.25,0.75,UNDER,0.75,12.0,11.333333333333334,15.2,15.2,‚ùÑÔ∏è,
19,2026-01-11 00:00:00+00:00,K.Granson,Kylen Granson,TE,PHI,SF,True,receiving_tds,anytime,0.5,0.25,0.75,UNDER,0.75,12.0,0.0,0.0,0.0,‚û°Ô∏è,
19,2026-01-11 00:00:00+00:00,S.Barkley,Saquon Barkley,RB,PHI,SF,True,receptions,starter,3.5,0.25,0.75,UNDER,0.75,12.0,0.6666666666666666,2.0,2.3,‚ùÑÔ∏è,
19,2026-01-11 00:00:00+00:00,T.McKee,Tanner McKee,QB,PHI,SF,True,passing_yards,starter,200.0,0.25,0.75,UNDER,0.75,4.0,118.66666666666669,118.66666666666669,118.66666666666669,‚û°Ô∏è,
19,2026-01-11 00:00:00+00:00,T.Bigsby,Tank Bigsby,RB,PHI,SF,True,rushing_tds,anytime,0.5,0.25,0.75,UNDER,0.75,3.0,0.3333333333333333,0.2,0.1,‚û°Ô∏è,
19,2026-01-12 00:00:00+00:00,M.Valdes-Scantling,Marquez Valdes-Scantling,WR,PIT,HOU,True,receiving_yards,starter,27.0,0.25,0.75,UNDER,0.75,14.0,8.333333333333334,11.2,16.2,‚û°Ô∏è,
19,2026-01-10 00:00:00+00:00,O.Zaccheaus,Olamide Zaccheaus,WR,CHI,GB,True,receiving_yards,starter,27.0,0.25,0.75,UNDER,0.75,9.0,8.666666666666666,7.4,20.2,üî•,
19,2026-01-10 00:00:00+00:00,O.Zaccheaus,Olamide Zaccheaus,WR,CHI,GB,True,receiving_tds,anytime,0.5,0.25,0.75,UNDER,0.75,9.0,0.3333333333333333,0.2,0.2,‚û°Ô∏è,
19,2026-01-12 00:00:00+00:00,X.Hutchinson,Xavier Hutchinson,WR,HOU,PIT,False,receiving_yards,starter,27.0,0.25,0.75,UNDER,0.75,26.0,13.666666666666666,16.0,25.2,üî•,
19,2026-01-10 00:00:00+00:00,B.Corum,Blake Corum,RB,LA,CAR,False,rushing_tds,good_rb,0.5,0.7447676062583923,0.25523239374160767,OVER,0.7447676062583923,25.0,0.6666666666666666,1.0,0.5,‚ùÑÔ∏è,
19,2026-01-11 00:00:00+00:00,J.Meyers,Jakobi Meyers,WR,JAX,BUF,True,receiving_yards,star_wr,50.0,0.7415062785148621,0.25849372148513794,OVER,0.7415062785148621,2.0,51.66666666666666,56.8,50.1,‚ùÑÔ∏è,
19,2026-01-11 00:00:00+00:00,D.Goedert,Dallas Goedert,TE,PHI,SF,True,receptions,starter,3.5,0.7394933700561523,0.26050662994384766,OVER,0.7394933700561523,12.0,5.666666666666667,4.2,4.2,‚û°Ô∏è,
19,2026-01-11 00:00:00+00:00,G.Kittle,George Kittle,TE,SF,PHI,False,receiving_tds,good_wr,0.5,0.7387598752975464,0.2612401247024536,OVER,0.7387598752975464,10.0,0.6666666666666666,0.8,0.7,‚û°Ô∏è,
19,2026-01-12 00:00:00+00:00,D.Metcalf,DK Metcalf,WR,PIT,HOU,True,receptions,starter,3.5,0.7369244694709778,0.2630755305290222,OVER,0.7369244694709778,14.0,4.333333333333333,4.6,4.0,‚û°Ô∏è,
19,2026-01-11 00:00:00+00:00,J.Cook,James Cook,RB,BUF,JAX,False,rushing_tds,good_rb,0.5,0.7350255250930786,0.2649744749069214,OVER,0.7350255250930786,10.0,1.3333333333333333,0.8,0.7,‚û°Ô∏è,
19,2026-01-10 00:00:00+00:00,J.Garoppolo,Jimmy Garoppolo,QB,LA,CAR,False,passing_yards,starter,200.0,0.26823362708091736,0.7317663431167603,UNDER,0.7317663431167603,7.0,96.0,164.0,171.1,‚û°Ô∏è,
19,2026-01-12 00:00:00+00:00,K.Gainwell,Kenneth Gainwell,RB,PIT,HOU,True,receptions,good_wr,4.5,0.7267923951148987,0.2732076048851013,OVER,0.7267923951148987,14.0,6.0,5.2,4.3,‚û°Ô∏è,
19,2026-01-10 00:00:00+00:00,T.McMillan,Tetairoa McMillan,WR,CAR,LA,True,receiving_yards,star_wr,50.0,0.7261674404144287,0.2738325595855713,OVER,0.7261674404144287,25.0,34.333333333333336,36.2,54.9,üî•,
19,2026-01-12 00:00:00+00:00,C.Stover,Cade Stover,TE,HOU,PIT,False,receptions,starter,3.5,0.28043490648269653,0.7195650935173035,UNDER,0.7195650935173035,26.0,2.333333333333333,2.2,2.0,‚û°Ô∏è,
19,2026-01-10 00:00:00+00:00,C.Parkinson,Colby Parkinson,TE,LA,CAR,False,receiving_tds,star_wr,0.5,0.7175459861755371,0.2824540138244629,OVER,0.7175459861755371,7.0,0.6666666666666666,0.6,0.6,‚ùÑÔ∏è,
19,2026-01-11 00:00:00+00:00,T.Etienne,Travis Etienne,RB,JAX,BUF,True,rushing_tds,anytime,0.5,0.7170373201370239,0.2829626798629761,OVER,0.7170373201370239,15.0,0.0,0.4,0.5,‚ùÑÔ∏è,
19,2026-01-11 00:00:00+00:00,S.Diggs,Stefon Diggs,WR,NE,LAC,True,receiving_yards,star_wr,50.0,0.7107898592948914,0.28921014070510864,OVER,0.7107898592948914,11.0,88.33333333333333,62.2,58.3,üî•,
19,2026-01-11 00:00:00+00:00,T.Lawrence,Trevor Lawrence,QB,JAX,BUF,True,passing_tds,elite_qb,2.5,0.7087920308113098,0.2912079691886902,OVER,0.7087920308113098,3.0,2.6666666666666665,2.4,1.8,‚ùÑÔ∏è,
19,2026-01-10 00:00:00+00:00,M.Stafford,Matthew Stafford,QB,LA,CAR,False,passing_yards,elite_qb,275.0,0.7052212357521057,0.2947787642478943,OVER,0.7052212357521057,7.0,364.6666666666667,323.6,276.4,‚û°Ô∏è,
19,2026-01-11 00:00:00+00:00,A.Brown,Ahmarean Brown,WR,PHI,SF,True,receiving_yards,elite_wr,70.0,0.7023673057556152,0.29763269424438477,OVER,0.7023673057556152,12.0,78.66666666666667,95.6,78.4,‚ùÑÔ∏è,‚ö†Ô∏è Feb 9 injury (Questionable)
19,2026-01-11 00:00:00+00:00,K.Vidal,Kimani Vidal,RB,LAC,NE,False,rushing_yards,good_rb,40.0,0.7013258934020996,0.2986741065979004,OVER,0.7013258934020996,12.0,29.33333333333333,45.4,61.3,‚ùÑÔ∏è,
19,2026-01-11 00:00:00+00:00,K.Shakir,Khalil Shakir,WR,BUF,JAX,False,receiving_yards,starter,27.0,0.7004438042640686,0.2995561957359314,OVER,0.7004438042640686,19.0,38.333333333333336,39.4,41.6,üî•,
19,2026-01-11 00:00:00+00:00,T.Lawrence,Trevor Lawrence,QB,JAX,BUF,True,passing_yards,star_qb,250.0,0.6969589591026306,0.3030410408973694,OVER,0.6969589591026306,3.0,290.6666666666667,269.0,242.8,‚û°Ô∏è,
19,2026-01-11 00:00:00+00:00,S.Barkley,Saquon Barkley,RB,PHI,SF,True,rushing_tds,anytime,0.5,0.693683385848999,0.306316614151001,OVER,0.693683385848999,3.0,1.0,0.6,0.4,üî•,
19,2026-01-10 00:00:00+00:00,C.Parkinson,Colby Parkinson,TE,LA,CAR,False,receiving_yards,starter,27.0,0.6936497688293457,0.3063502311706543,OVER,0.6936497688293457,7.0,49.66666666666666,41.6,36.1,‚û°Ô∏è,
19,2026-01-11 00:00:00+00:00,A.Dillon,AJ Dillon,RB,PHI,SF,True,receptions,starter,3.5,0.31186139583587646,0.6881386041641235,UNDER,0.6881386041641235,12.0,1.6666666666666667,2.4,2.1,‚û°Ô∏è,
19,2026-01-11 00:00:00+00:00,B.Covey,Britain Covey,WR,PHI,SF,True,receptions,starter,3.5,0.3124903440475464,0.6875096559524536,UNDER,0.6875096559524536,12.0,2.333333333333333,2.2,2.2,‚ùÑÔ∏è,
19,2026-01-10 00:00:00+00:00,C.Kmet,Cole Kmet,TE,CHI,GB,True,receptions,starter,3.5,0.31435883045196533,0.6856411695480347,UNDER,0.6856411695480347,9.0,2.0,2.2,2.0,‚û°Ô∏è,
19,2026-01-11 00:00:00+00:00,A.Brown,Ahmarean Brown,WR,PHI,SF,True,receptions,star_wr,5.5,0.6844313740730286,0.31556862592697144,OVER,0.6844313740730286,12.0,5.666666666666667,7.0,5.9,‚ùÑÔ∏è,‚ö†Ô∏è Feb 9 injury (Questionable)
19,2026-01-11 00:00:00+00:00,D.Goedert,Dallas Goedert,TE,PHI,SF,True,receiving_yards,starter,27.0,0.6838772892951965,0.31612271070480347,OVER,0.6838772892951965,12.0,60.0,45.4,45.0,‚û°Ô∏è,
19,2026-01-11 00:00:00+00:00,R.Stevenson,Rhamondre Stevenson,RB,NE,LAC,True,rushing_tds,good_rb,0.5,0.6837807893753052,0.3162192106246948,OVER,0.6837807893753052,29.0,0.6666666666666666,0.4,0.5,‚û°Ô∏è,
19,2026-01-11 00:00:00+00:00,Q.Johnston,Quentin Johnston,WR,LAC,NE,False,receiving_yards,good_wr,35.0,0.6812859177589417,0.31871408224105835,OVER,0.6812859177589417,1.0,45.0,35.4,48.7,üî•,
19,2026-01-10 00:00:00+00:00,C.Loveland,Colston Loveland,TE,CHI,GB,True,receptions,good_wr,4.5,0.6779865026473999,0.3220134973526001,OVER,0.6779865026473999,9.0,4.333333333333333,4.0,4.0,üî•,
19,2026-01-10 00:00:00+00:00,T.McMillan,Tetairoa McMillan,WR,CAR,LA,True,receptions,starter,3.5,0.6764090061187744,0.3235909938812256,OVER,0.6764090061187744,25.0,3.0,2.4,3.9,üî•,
19,2026-01-11 00:00:00+00:00,O.Hampton,Omarion Hampton,RB,LAC,NE,False,rushing_yards,star_rb,55.0,0.6720359325408936,0.32796406745910645,OVER,0.6720359325408936,12.0,67.33333333333333,74.8,64.5,‚ùÑÔ∏è,‚ö†Ô∏è Jan 11 injury (Questionable)
19,2026-01-11 00:00:00+00:00,J.Meyers,Jakobi Meyers,WR,JAX,BUF,True,receiving_tds,anytime,0.5,0.6700769066810608,0.3299230933189392,OVER,0.6700769066810608,2.0,0.0,0.4,0.3,‚ùÑÔ∏è,
19,2026-01-12 00:00:00+00:00,J.Jordan,Jawhar Jordan,RB,HOU,PIT,False,rushing_yards,good_rb,40.0,0.6675001382827759,0.3324998617172241,OVER,0.6675001382827759,31.0,63.333333333333336,63.333333333333336,63.333333333333336,‚û°Ô∏è,‚ö†Ô∏è Jan 12 injury (Questionable)
19,2026-01-10 00:00:00+00:00,C.Parkinson,Colby Parkinson,TE,LA,CAR,False,receptions,starter,3.5,0.6631423830986023,0.3368576169013977,OVER,0.6631423830986023,7.0,4.333333333333333,4.0,3.5,‚û°Ô∏è,
19,2026-01-12 00:00:00+00:00,D.Schultz,Dalton Schultz,TE,HOU,PIT,False,receiving_tds,anytime,0.5,0.6616306900978088,0.33836930990219116,OVER,0.6616306900978088,26.0,0.6666666666666666,0.4,0.3,‚û°Ô∏è,
19,2026-01-11 00:00:00+00:00,D.Goedert,Dallas Goedert,TE,PHI,SF,True,receiving_tds,good_wr,0.5,0.6590490341186523,0.34095096588134766,OVER,0.6590490341186523,12.0,1.0,0.6,0.6,‚û°Ô∏è,
19,2026-01-12 00:00:00+00:00,J.Warren,Jaylen Warren,RB,PIT,HOU,True,rushing_yards,star_rb,55.0,0.6525027751922607,0.34749722480773926,OVER,0.6525027751922607,27.0,63.0,58.4,64.4,üî•,‚ö†Ô∏è Jan 10 injury (Questionable)
19,2026-01-11 00:00:00+00:00,R.Stevenson,Rhamondre Stevenson,RB,NE,LAC,True,receptions,starter,3.5,0.34752917289733887,0.6524708271026611,UNDER,0.6524708271026611,11.0,3.333333333333333,2.8,2.0,üî•,
19,2026-01-11 00:00:00+00:00,J.Cook,James Cook,RB,BUF,JAX,False,receptions,starter,3.5,0.34935909509658813,0.6506409049034119,UNDER,0.6506409049034119,19.0,1.6666666666666667,2.2,2.3,‚ùÑÔ∏è,
19,2026-01-10 00:00:00+00:00,M.Willis,Malik Willis,QB,GB,CHI,False,passing_tds,starter,0.5,0.1519743800163269,0.8480256199836731,UNDER,0.648025631904602,12.0,0.6666666666666666,0.4,0.5,üî•,‚ö†Ô∏è Jan 10 injury (Questionable)
19,2026-01-11 00:00:00+00:00,H.Henry,Hunter Henry,TE,NE,LAC,True,receiving_yards,good_wr,35.0,0.6470822691917419,0.35291773080825806,OVER,0.6470822691917419,11.0,34.0,58.0,43.5,‚ùÑÔ∏è,
19,2026-01-12 00:00:00+00:00,K.Gainwell,Kenneth Gainwell,RB,PIT,HOU,True,rushing_yards,starter,24.0,0.646087110042572,0.353912889957428,OVER,0.646087110042572,27.0,48.333333333333336,51.4,34.7,üî•,
19,2026-01-12 00:00:00+00:00,D.Schultz,Dalton Schultz,TE,HOU,PIT,False,receiving_yards,good_wr,35.0,0.6419258713722229,0.3580741286277771,OVER,0.6419258713722229,26.0,43.333333333333336,41.4,42.0,‚û°Ô∏è,
19,2026-01-11 00:00:00+00:00,B.Strange,Brenton Strange,TE,JAX,BUF,True,receiving_yards,good_wr,35.0,0.6369454264640808,0.3630545735359192,OVER,0.6369454264640808,2.0,39.66666666666666,38.2,42.9,üî•,
19,2026-01-11 00:00:00+00:00,D.Kincaid,Dalton Kincaid,TE,BUF,JAX,False,receiving_yards,good_wr,35.0,0.6324124932289124,0.36758750677108765,OVER,0.6324124932289124,19.0,25.0,42.6,47.5,‚ùÑÔ∏è,
19,2026-01-12 00:00:00+00:00,J.Jordan,Jawhar Jordan,RB,HOU,PIT,False,receptions,starter,3.5,0.17042118310928345,0.8295788168907166,UNDER,0.6295788288116455,26.0,2.0,2.0,2.0,‚û°Ô∏è,‚ö†Ô∏è Jan 12 injury (Questionable)
19,2026-01-11 00:00:00+00:00,D.Maye,Drake Maye,QB,NE,LAC,True,passing_yards,star_qb,250.0,0.6237595677375793,0.37624043226242065,OVER,0.6237595677375793,10.0,263.6666666666667,273.4,268.1,‚û°Ô∏è,
19,2026-01-10 00:00:00+00:00,L.Musgrave,Luke Musgrave,TE,GB,CHI,False,receiving_yards,starter,27.0,0.3777899444103241,0.6222100257873535,UNDER,0.6222100257873535,16.0,32.333333333333336,20.6,17.8,üî•,
19,2026-01-11 00:00:00+00:00,J.Palmer,Josh Palmer,WR,BUF,JAX,False,receptions,starter,3.5,0.17799188196659088,0.8220081329345703,UNDER,0.6220081448554993,19.0,1.0,1.4,1.6,‚ùÑÔ∏è,‚ö†Ô∏è Jan 11 injury (Questionable)
19,2026-01-11 00:00:00+00:00,M.Trubisky,Mitchell Trubisky,QB,BUF,JAX,False,passing_tds,starter,0.5,0.3784492015838623,0.6215507984161377,UNDER,0.6215507984161377,27.0,0.3333333333333333,0.4,0.5,üî•,
19,2026-01-11 00:00:00+00:00,R.Pearsall,Ricky Pearsall,WR,SF,PHI,False,receiving_yards,good_wr,35.0,0.6191405057907104,0.38085949420928955,OVER,0.6191405057907104,10.0,38.66666666666666,32.4,65.3,üî•,‚ö†Ô∏è Jan 11 injury (Questionable)
19,2026-01-11 00:00:00+00:00,H.Henry,Hunter Henry,TE,NE,LAC,True,receiving_tds,anytime,0.5,0.6174310445785522,0.38256895542144775,OVER,0.6174310445785522,11.0,0.6666666666666666,0.6,0.4,üî•,
19,2026-01-11 00:00:00+00:00,A.Brown,Ahmarean Brown,WR,PHI,SF,True,receiving_tds,good_wr,0.5,0.614426851272583,0.385573148727417,OVER,0.614426851272583,12.0,0.3333333333333333,0.8,0.6,‚ùÑÔ∏è,‚ö†Ô∏è Feb 9 injury (Questionable)
19,2026-01-10 00:00:00+00:00,R.Doubs,Romeo Doubs,WR,GB,CHI,False,receiving_yards,starter,27.0,0.6119583249092102,0.3880416750907898,OVER,0.6119583249092102,16.0,40.0,32.6,42.8,üî•,
19,2026-01-12 00:00:00+00:00,A.Rodgers,Aaron Rodgers,QB,PIT,HOU,True,passing_tds,starter,0.5,0.6116857528686523,0.38831424713134766,OVER,0.6116857528686523,19.0,1.3333333333333333,1.0,1.5,üî•,
19,2026-01-11 00:00:00+00:00,R.Pearsall,Ricky Pearsall,WR,SF,PHI,False,receptions,starter,3.5,0.6116753220558167,0.38832467794418335,OVER,0.6116753220558167,10.0,3.333333333333333,3.0,4.5,üî•,‚ö†Ô∏è Jan 11 injury (Questionable)
19,2026-01-11 00:00:00+00:00,B.Strange,Brenton Strange,TE,JAX,BUF,True,receptions,starter,3.5,0.6113449335098267,0.38865506649017334,OVER,0.6113449335098267,2.0,3.0,3.0,3.6,üî•,
19,2026-01-12 00:00:00+00:00,D.Mills,Davis Mills,QB,HOU,PIT,False,passing_tds,starter,0.5,0.3919847905635834,0.6080151796340942,UNDER,0.6080151796340942,30.0,1.6666666666666667,1.0,0.5,üî•,
19,2026-01-10 00:00:00+00:00,T.Atwell,Tutu Atwell,WR,LA,CAR,False,receiving_yards,starter,27.0,0.39222246408462524,0.6077775359153748,UNDER,0.6077775359153748,7.0,27.0,33.8,24.0,‚ùÑÔ∏è,
19,2026-01-12 00:00:00+00:00,J.Noel,Jaylin Noel,WR,HOU,PIT,False,receiving_yards,starter,27.0,0.39255771040916443,0.6074422597885132,UNDER,0.6074422597885132,26.0,22.0,16.4,26.8,üî•,
19,2026-01-10 00:00:00+00:00,T.McMillan,Tetairoa McMillan,WR,CAR,LA,True,receiving_tds,good_wr,0.5,0.6072555184364319,0.3927444815635681,OVER,0.6072555184364319,25.0,0.3333333333333333,0.6,0.5,‚ùÑÔ∏è,
19,2026-01-11 00:00:00+00:00,A.Hooper,Austin Hooper,TE,NE,LAC,True,receiving_yards,starter,27.0,0.39324355125427246,0.6067564487457275,UNDER,0.6067564487457275,11.0,28.0,20.8,21.0,‚û°Ô∏è,
19,2026-01-11 00:00:00+00:00,Q.Johnston,Quentin Johnston,WR,LAC,NE,False,receptions,starter,3.5,0.6041664481163025,0.3958335518836975,OVER,0.6041664481163025,1.0,3.0,2.8,3.8,üî•,
19,2026-01-11 00:00:00+00:00,R.Pearsall,Ricky Pearsall,WR,SF,PHI,False,receiving_tds,anytime,0.5,0.2,0.8,UNDER,0.6000000000000001,10.0,0.0,0.0,0.2,‚û°Ô∏è,‚ö†Ô∏è Jan 11 injury (Questionable)
19,2026-01-11 00:00:00+00:00,D.Brown,Da'Ron Brown,WR,JAX,BUF,True,receptions,starter,3.5,0.2,0.8,UNDER,0.6000000000000001,2.0,1.0,1.4,2.2,‚ùÑÔ∏è,‚ö†Ô∏è Feb 9 injury (Questionable)
19,2026-01-11 00:00:00+00:00,K.Boutte,Kayshon Boutte,WR,NE,LAC,True,receptions,starter,3.5,0.2,0.8,UNDER,0.6000000000000001,11.0,2.0,1.6,2.2,‚ùÑÔ∏è,‚ö†Ô∏è Jan 11 injury (Questionable)
19,2026-01-11 00:00:00+00:00,K.Boutte,Kayshon Boutte,WR,NE,LAC,True,receiving_tds,anytime,0.5,0.2,0.8,UNDER,0.6000000000000001,11.0,0.3333333333333333,0.2,0.5,‚ùÑÔ∏è,‚ö†Ô∏è Jan 11 injury (Questionable)
19,2026-01-12 00:00:00+00:00,J.Jordan,Jawhar Jordan,RB,HOU,PIT,False,rushing_tds,anytime,0.5,0.2,0.8,UNDER,0.6000000000000001,31.0,0.0,0.0,0.0,‚û°Ô∏è,‚ö†Ô∏è Jan 12 injury (Questionable)
19,2026-01-10 00:00:00+00:00,M.Willis,Malik Willis,QB,GB,CHI,False,passing_yards,starter,200.0,0.2,0.8,UNDER,0.6000000000000001,12.0,44.66666666666666,60.8,75.8,üî•,‚ö†Ô∏è Jan 10 injury (Questionable)
19,2026-01-11 00:00:00+00:00,J.Palmer,Josh Palmer,WR,BUF,JAX,False,receiving_yards,starter,27.0,0.2,0.8,UNDER,0.6000000000000001,19.0,10.0,13.6,24.1,‚ùÑÔ∏è,‚ö†Ô∏è Jan 11 injury (Questionable)
19,2026-01-11 00:00:00+00:00,J.Palmer,Josh Palmer,WR,BUF,JAX,False,receiving_tds,anytime,0.5,0.2,0.8,UNDER,0.6000000000000001,19.0,0.0,0.0,0.0,‚û°Ô∏è,‚ö†Ô∏è Jan 11 injury (Questionable)
19,2026-01-11 00:00:00+00:00,D.Brown,Da'Ron Brown,WR,JAX,BUF,True,receiving_tds,anytime,0.5,0.2,0.8,UNDER,0.6000000000000001,2.0,0.0,0.0,0.1,‚û°Ô∏è,‚ö†Ô∏è Feb 9 injury (Questionable)
19,2026-01-10 00:00:00+00:00,C.Loveland,Colston Loveland,TE,CHI,GB,True,receiving_tds,good_wr,0.5,0.5977709293365479,0.40222907066345215,OVER,0.5977709293365479,9.0,0.3333333333333333,0.4,0.5,üî•,
19,2026-01-11 00:00:00+00:00,J.Hurts,Jalen Hurts,QB,PHI,SF,True,passing_yards,starter,200.0,0.5955103039741516,0.4044896960258484,OVER,0.5955103039741516,4.0,200.0,223.8,222.5,‚ùÑÔ∏è,
19,2026-01-11 00:00:00+00:00,L.McConkey,Ladd McConkey,WR,LAC,NE,False,receiving_tds,anytime,0.5,0.594035267829895,0.405964732170105,OVER,0.594035267829895,1.0,0.3333333333333333,0.4,0.5,‚û°Ô∏è,
19,2026-01-10 00:00:00+00:00,C.Kmet,Cole Kmet,TE,CHI,GB,True,receiving_yards,starter,27.0,0.4181906282901764,0.581809401512146,UNDER,0.581809401512146,9.0,19.33333333333333,27.2,21.5,‚ùÑÔ∏è,
19,2026-01-11 00:00:00+00:00,K.Bourne,Kendrick Bourne,WR,SF,PHI,False,receiving_yards,starter,27.0,0.42384210228919983,0.5761579275131226,UNDER,0.5761579275131226,10.0,23.0,17.6,46.4,üî•,
19,2026-01-11 00:00:00+00:00,D.Knox,Dawson Knox,TE,BUF,JAX,False,receiving_yards,starter,27.0,0.5746382474899292,0.4253617525100708,OVER,0.5746382474899292,19.0,25.666666666666668,39.6,32.0,‚ùÑÔ∏è,
19,2026-01-11 00:00:00+00:00,B.Strange,Brenton Strange,TE,JAX,BUF,True,receiving_tds,anytime,0.5,0.5707167983055115,0.4292832016944885,OVER,0.5707167983055115,2.0,0.3333333333333333,0.4,0.2,üî•,
19,2026-01-11 00:00:00+00:00,Q.Johnston,Quentin Johnston,WR,LAC,NE,False,receiving_tds,good_wr,0.5,0.5690311789512634,0.4309688210487366,OVER,0.5690311789512634,1.0,0.6666666666666666,0.4,0.5,‚û°Ô∏è,
19,2026-01-12 00:00:00+00:00,C.Stroud,C.J. Stroud,QB,HOU,PIT,False,passing_tds,good_qb,1.5,0.5674607753753662,0.4325392246246338,OVER,0.5674607753753662,30.0,2.0,1.4,1.6,‚û°Ô∏è,
19,2026-01-11 00:00:00+00:00,J.Herbert,Justin Herbert,QB,LAC,NE,False,passing_yards,starter,200.0,0.5646947026252747,0.43530529737472534,OVER,0.5646947026252747,6.0,216.33333333333331,176.2,226.2,üî•,
19,2026-01-10 00:00:00+00:00,T.Higbee,Tyler Higbee,TE,LA,CAR,False,receiving_tds,anytime,0.5,0.5631386637687683,0.4368613362312317,OVER,0.5631386637687683,7.0,0.3333333333333333,0.4,0.3,‚ùÑÔ∏è,
19,2026-01-12 00:00:00+00:00,J.Warren,Jaylen Warren,RB,PIT,HOU,True,rushing_tds,good_rb,0.5,0.5602324604988098,0.4397675395011902,OVER,0.5602324604988098,27.0,0.6666666666666666,0.8,0.6,‚û°Ô∏è,‚ö†Ô∏è Jan 10 injury (Questionable)
19,2026-01-11 00:00:00+00:00,H.Henry,Hunter Henry,TE,NE,LAC,True,receptions,starter,3.5,0.5591112971305847,0.4408887028694153,OVER,0.5591112971305847,11.0,3.333333333333333,4.2,3.5,‚û°Ô∏è,
19,2026-01-11 00:00:00+00:00,J.Herbert,Justin Herbert,QB,LAC,NE,False,passing_tds,good_qb,1.5,0.5584961175918579,0.4415038824081421,OVER,0.5584961175918579,6.0,1.3333333333333333,1.2,1.7,üî•,
19,2026-01-11 00:00:00+00:00,O.Hampton,Omarion Hampton,RB,LAC,NE,False,rushing_tds,good_rb,0.5,0.5578328967094421,0.44216710329055786,OVER,0.5578328967094421,12.0,0.3333333333333333,0.4,0.375,üî•,‚ö†Ô∏è Jan 11 injury (Questionable)
19,2026-01-11 00:00:00+00:00,T.Shavers,Tyrell Shavers,WR,BUF,JAX,False,receiving_yards,starter,27.0,0.44484224915504456,0.5551577806472778,UNDER,0.5551577806472778,19.0,42.333333333333336,31.6,27.8,‚ùÑÔ∏è,
19,2026-01-11 00:00:00+00:00,J.Tonges,Jake Tonges,TE,SF,PHI,False,receptions,starter,3.5,0.5544077754020691,0.4455922245979309,OVER,0.5544077754020691,10.0,2.6666666666666665,3.6,3.0,‚ùÑÔ∏è,
19,2026-01-10 00:00:00+00:00,T.Higbee,Tyler Higbee,TE,LA,CAR,False,receiving_yards,starter,27.0,0.5532991290092468,0.4467008709907532,OVER,0.5532991290092468,7.0,23.0,25.6,30.2,üî•,
19,2026-01-11 00:00:00+00:00,D.Brown,Da'Ron Brown,WR,JAX,BUF,True,receiving_yards,starter,27.0,0.3037429749965668,0.6962569952011108,UNDER,0.4962570369243622,2.0,8.333333333333334,17.6,26.1,‚ùÑÔ∏è,‚ö†Ô∏è Feb 9 injury (Questionable)
19,2026-01-11 00:00:00+00:00,O.Hampton,Omarion Hampton,RB,LAC,NE,False,receptions,starter,3.5,0.3547791838645935,0.6452208161354065,UNDER,0.44522085785865784,1.0,1.3333333333333333,3.0,3.0,‚ùÑÔ∏è,‚ö†Ô∏è Jan 11 injury (Questionable)
