game_date,week,passer_player_name,posteam,defteam,passing_yards,pass_touchdown,complete_pass,interception
2020-09-13,1,J.Garoppolo,SF,ARI,5.0,0.0,1.0,0.0
2020-09-13,1,J.Garoppolo,SF,ARI,11.0,0.0,1.0,0.0
2020-09-13,1,K.Murray,ARI,SF,3.0,0.0,1.0,0.0
2020-09-13,1,K.Murray,ARI,SF,7.0,0.0,1.0,0.0
2020-09-13,1,K.Murray,ARI,SF,,0.0,0.0,0.0
2020-09-13,1,K.Murray,ARI,SF,,0.0,0.0,0.0
2020-09-13,1,K.Murray,ARI,SF,10.0,0.0,1.0,0.0
2020-09-13,1,J.Garoppolo,SF,ARI,76.0,1.0,1.0,0.0
2020-09-13,1,K.Murray,ARI,SF,1.0,0.0,1.0,0.0
2020-09-13,1,K.Murray,ARI,SF,2.0,0.0,1.0,0.0
2020-09-13,1,K.Murray,ARI,SF,,0.0,0.0,0.0
2020-09-13,1,J.Garoppolo,SF,ARI,5.0,0.0,1.0,0.0
2020-09-13,1,J.Garoppolo,SF,ARI,,0.0,0.0,0.0
2020-09-13,1,K.Murray,ARI,SF,10.0,1.0,1.0,0.0
2020-09-13,1,J.Garoppolo,SF,ARI,,0.0,0.0,0.0
2020-09-13,1,J.Garoppolo,SF,ARI,14.0,0.0,1.0,0.0
2020-09-13,1,J.Garoppolo,SF,ARI,,0.0,0.0,0.0
2020-09-13,1,K.Murray,ARI,SF,,0.0,0.0,0.0
2020-09-13,1,K.Murray,ARI,SF,8.0,0.0,1.0,0.0
2020-09-13,1,J.Garoppolo,SF,ARI,14.0,0.0,1.0,0.0
2020-09-13,1,J.Garoppolo,SF,ARI,10.0,0.0,1.0,0.0
2020-09-13,1,J.Garoppolo,SF,ARI,,0.0,0.0,0.0
2020-09-13,1,K.Murray,ARI,SF,,0.0,0.0,0.0
2020-09-13,1,K.Murray,ARI,SF,6.0,0.0,1.0,0.0
2020-09-13,1,K.Murray,ARI,SF,,0.0,0.0,0.0
2020-09-13,1,K.Murray,ARI,SF,9.0,0.0,1.0,0.0
2020-09-13,1,K.Murray,ARI,SF,12.0,0.0,1.0,0.0
2020-09-13,1,K.Murray,ARI,SF,15.0,0.0,1.0,0.0
2020-09-13,1,K.Murray,ARI,SF,5.0,0.0,1.0,0.0
2020-09-13,1,K.Murray,ARI,SF,,0.0,0.0,0.0
2020-09-13,1,J.Garoppolo,SF,ARI,18.0,0.0,1.0,0.0
2020-09-13,1,J.Garoppolo,SF,ARI,,0.0,0.0,0.0
2020-09-13,1,J.Garoppolo,SF,ARI,,0.0,0.0,0.0
2020-09-13,1,K.Murray,ARI,SF,13.0,0.0,1.0,0.0
2020-09-13,1,K.Murray,ARI,SF,,0.0,0.0,1.0
2020-09-13,1,J.Garoppolo,SF,ARI,9.0,0.0,1.0,0.0
2020-09-13,1,J.Garoppolo,SF,ARI,6.0,0.0,1.0,0.0
2020-09-13,1,J.Garoppolo,SF,ARI,,0.0,0.0,0.0
2020-09-13,1,J.Garoppolo,SF,ARI,2.0,0.0,1.0,0.0
2020-09-13,1,K.Murray,ARI,SF,12.0,0.0,1.0,0.0
2020-09-13,1,K.Murray,ARI,SF,5.0,0.0,1.0,0.0
2020-09-13,1,K.Murray,ARI,SF,,0.0,0.0,0.0
2020-09-13,1,K.Murray,ARI,SF,3.0,0.0,1.0,0.0
2020-09-13,1,K.Murray,ARI,SF,9.0,0.0,1.0,0.0
2020-09-13,1,K.Murray,ARI,SF,12.0,0.0,1.0,0.0
2020-09-13,1,K.Murray,ARI,SF,,0.0,0.0,0.0
2020-09-13,1,K.Murray,ARI,SF,,0.0,0.0,0.0
2020-09-13,1,K.Murray,ARI,SF,,0.0,0.0,0.0
2020-09-13,1,J.Garoppolo,SF,ARI,,0.0,0.0,0.0
2020-09-13,1,J.Garoppolo,SF,ARI,,0.0,0.0,0.0
2020-09-13,1,K.Murray,ARI,SF,8.0,0.0,1.0,0.0
2020-09-13,1,K.Murray,ARI,SF,,0.0,0.0,0.0
2020-09-13,1,J.Garoppolo,SF,ARI,,0.0,0.0,0.0
2020-09-13,1,J.Garoppolo,SF,ARI,16.0,0.0,1.0,0.0
2020-09-13,1,J.Garoppolo,SF,ARI,,0.0,0.0,0.0
2020-09-13,1,K.Murray,ARI,SF,,0.0,0.0,0.0
2020-09-13,1,K.Murray,ARI,SF,7.0,0.0,1.0,0.0
2020-09-13,1,K.Murray,ARI,SF,18.0,0.0,1.0,0.0
2020-09-13,1,K.Murray,ARI,SF,,0.0,0.0,0.0
2020-09-13,1,K.Murray,ARI,SF,7.0,0.0,1.0,0.0
2020-09-13,1,J.Garoppolo,SF,ARI,41.0,0.0,1.0,0.0
2020-09-13,1,J.Garoppolo,SF,ARI,,0.0,0.0,0.0
2020-09-13,1,J.Garoppolo,SF,ARI,,0.0,0.0,0.0
2020-09-13,1,J.Garoppolo,SF,ARI,,0.0,0.0,0.0
2020-09-13,1,J.Garoppolo,SF,ARI,5.0,1.0,1.0,0.0
2020-09-13,1,K.Murray,ARI,SF,,0.0,0.0,0.0
2020-09-13,1,K.Murray,ARI,SF,11.0,0.0,1.0,0.0
2020-09-13,1,K.Murray,ARI,SF,0.0,0.0,1.0,0.0
2020-09-13,1,K.Murray,ARI,SF,4.0,0.0,1.0,0.0
2020-09-13,1,K.Murray,ARI,SF,33.0,0.0,1.0,0.0
2020-09-13,1,J.Garoppolo,SF,ARI,5.0,0.0,1.0,0.0
2020-09-13,1,J.Garoppolo,SF,ARI,6.0,0.0,1.0,0.0
2020-09-13,1,J.Garoppolo,SF,ARI,2.0,0.0,1.0,0.0
2020-09-13,1,J.Garoppolo,SF,ARI,9.0,0.0,1.0,0.0
2020-09-13,1,J.Garoppolo,SF,ARI,,0.0,0.0,0.0
2020-09-13,1,J.Garoppolo,SF,ARI,5.0,0.0,1.0,0.0
2020-09-13,1,J.Garoppolo,SF,ARI,,0.0,0.0,0.0
2020-09-13,1,J.Garoppolo,SF,ARI,,0.0,0.0,0.0
2020-09-13,1,M.Stafford,DET,CHI,,0.0,0.0,0.0
2020-09-13,1,M.Trubisky,CHI,DET,,0.0,0.0,0.0
2020-09-13,1,M.Trubisky,CHI,DET,13.0,0.0,1.0,0.0
2020-09-13,1,M.Trubisky,CHI,DET,12.0,0.0,1.0,0.0
2020-09-13,1,M.Trubisky,CHI,DET,,0.0,0.0,0.0
2020-09-13,1,M.Trubisky,CHI,DET,,0.0,0.0,0.0
2020-09-13,1,M.Trubisky,CHI,DET,,0.0,0.0,0.0
2020-09-13,1,M.Stafford,DET,CHI,,0.0,0.0,0.0
2020-09-13,1,M.Stafford,DET,CHI,20.0,0.0,1.0,0.0
2020-09-13,1,M.Stafford,DET,CHI,,0.0,0.0,0.0
2020-09-13,1,M.Stafford,DET,CHI,,0.0,0.0,0.0
2020-09-13,1,M.Trubisky,CHI,DET,10.0,0.0,1.0,0.0
2020-09-13,1,M.Trubisky,CHI,DET,19.0,0.0,1.0,0.0
2020-09-13,1,M.Trubisky,CHI,DET,,0.0,0.0,0.0
2020-09-13,1,M.Trubisky,CHI,DET,,0.0,0.0,0.0
2020-09-13,1,M.Stafford,DET,CHI,8.0,0.0,1.0,0.0
2020-09-13,1,M.Stafford,DET,CHI,11.0,0.0,1.0,0.0
2020-09-13,1,M.Trubisky,CHI,DET,12.0,0.0,1.0,0.0
2020-09-13,1,M.Trubisky,CHI,DET,,0.0,0.0,0.0
2020-09-13,1,M.Trubisky,CHI,DET,,0.0,0.0,0.0
2020-09-13,1,M.Stafford,DET,CHI,26.0,0.0,1.0,0.0
2020-09-13,1,M.Stafford,DET,CHI,8.0,0.0,1.0,0.0
2020-09-13,1,M.Stafford,DET,CHI,,0.0,0.0,0.0
2020-09-13,1,M.Stafford,DET,CHI,18.0,0.0,1.0,0.0
2020-09-13,1,M.Stafford,DET,CHI,,0.0,0.0,0.0
2020-09-13,1,M.Stafford,DET,CHI,,0.0,0.0,0.0
2020-09-13,1,M.Stafford,DET,CHI,21.0,0.0,1.0,0.0
2020-09-13,1,M.Stafford,DET,CHI,,0.0,0.0,0.0
2020-09-13,1,M.Trubisky,CHI,DET,22.0,0.0,1.0,0.0
2020-09-13,1,M.Trubisky,CHI,DET,19.0,0.0,1.0,0.0
2020-09-13,1,M.Trubisky,CHI,DET,,0.0,0.0,0.0
2020-09-13,1,M.Trubisky,CHI,DET,,0.0,0.0,0.0
2020-09-13,1,M.Stafford,DET,CHI,7.0,0.0,1.0,0.0
2020-09-13,1,M.Trubisky,CHI,DET,3.0,0.0,1.0,0.0
2020-09-13,1,M.Trubisky,CHI,DET,,0.0,0.0,0.0
2020-09-13,1,M.Trubisky,CHI,DET,,0.0,0.0,0.0
2020-09-13,1,M.Stafford,DET,CHI,7.0,0.0,1.0,0.0
2020-09-13,1,M.Stafford,DET,CHI,16.0,0.0,1.0,0.0
2020-09-13,1,M.Stafford,DET,CHI,24.0,0.0,1.0,0.0
2020-09-13,1,M.Stafford,DET,CHI,15.0,0.0,1.0,0.0
2020-09-13,1,M.Stafford,DET,CHI,14.0,0.0,1.0,0.0
2020-09-13,1,M.Stafford,DET,CHI,16.0,0.0,1.0,0.0
2020-09-13,1,M.Stafford,DET,CHI,4.0,1.0,1.0,0.0
2020-09-13,1,M.Trubisky,CHI,DET,0.0,0.0,1.0,0.0
2020-09-13,1,M.Stafford,DET,CHI,9.0,0.0,1.0,0.0
2020-09-13,1,M.Stafford,DET,CHI,,0.0,0.0,0.0
2020-09-13,1,M.Trubisky,CHI,DET,,0.0,0.0,0.0
2020-09-13,1,M.Trubisky,CHI,DET,18.0,0.0,1.0,0.0
2020-09-13,1,M.Trubisky,CHI,DET,22.0,0.0,1.0,0.0
2020-09-13,1,M.Trubisky,CHI,DET,,0.0,0.0,0.0
2020-09-13,1,M.Trubisky,CHI,DET,3.0,0.0,1.0,0.0
2020-09-13,1,M.Trubisky,CHI,DET,5.0,0.0,1.0,0.0
2020-09-13,1,M.Trubisky,CHI,DET,,0.0,0.0,0.0
2020-09-13,1,M.Trubisky,CHI,DET,2.0,1.0,1.0,0.0
2020-09-13,1,M.Stafford,DET,CHI,4.0,0.0,1.0,0.0
2020-09-13,1,M.Stafford,DET,CHI,9.0,0.0,1.0,0.0
2020-09-13,1,M.Stafford,DET,CHI,,0.0,0.0,0.0
2020-09-13,1,M.Stafford,DET,CHI,,0.0,0.0,0.0
2020-09-13,1,M.Trubisky,CHI,DET,,0.0,0.0,0.0
2020-09-13,1,M.Trubisky,CHI,DET,,0.0,0.0,0.0
2020-09-13,1,M.Stafford,DET,CHI,4.0,0.0,1.0,0.0
2020-09-13,1,M.Stafford,DET,CHI,,0.0,0.0,0.0
2020-09-13,1,M.Stafford,DET,CHI,,0.0,0.0,0.0
2020-09-13,1,M.Stafford,DET,CHI,5.0,0.0,1.0,0.0
2020-09-13,1,M.Trubisky,CHI,DET,7.0,0.0,1.0,0.0
2020-09-13,1,M.Trubisky,CHI,DET,18.0,0.0,1.0,0.0
2020-09-13,1,M.Trubisky,CHI,DET,13.0,0.0,1.0,0.0
2020-09-13,1,M.Trubisky,CHI,DET,16.0,0.0,1.0,0.0
2020-09-13,1,M.Trubisky,CHI,DET,1.0,1.0,1.0,0.0
2020-09-13,1,M.Stafford,DET,CHI,,0.0,0.0,1.0
2020-09-13,1,M.Trubisky,CHI,DET,27.0,1.0,1.0,0.0
2020-09-13,1,M.Stafford,DET,CHI,11.0,0.0,1.0,0.0
2020-09-13,1,M.Stafford,DET,CHI,,0.0,0.0,0.0
2020-09-13,1,M.Stafford,DET,CHI,5.0,0.0,1.0,0.0
2020-09-13,1,M.Stafford,DET,CHI,3.0,0.0,1.0,0.0
2020-09-13,1,M.Stafford,DET,CHI,,0.0,0.0,0.0
2020-09-13,1,M.Stafford,DET,CHI,32.0,0.0,1.0,0.0
2020-09-13,1,M.Stafford,DET,CHI,,0.0,0.0,0.0
2020-09-13,1,M.Stafford,DET,CHI,,0.0,0.0,0.0
2020-09-13,1,M.Stafford,DET,CHI,,0.0,0.0,0.0
2020-09-13,1,B.Mayfield,CLE,BAL,5.0,0.0,1.0,0.0
2020-09-13,1,B.Mayfield,CLE,BAL,6.0,0.0,1.0,0.0
2020-09-13,1,B.Mayfield,CLE,BAL,,0.0,0.0,0.0
2020-09-13,1,B.Mayfield,CLE,BAL,,0.0,0.0,1.0
2020-09-13,1,L.Jackson,BAL,CLE,12.0,0.0,1.0,0.0
2020-09-13,1,L.Jackson,BAL,CLE,5.0,1.0,1.0,0.0
2020-09-13,1,B.Mayfield,CLE,BAL,,0.0,0.0,0.0
2020-09-13,1,L.Jackson,BAL,CLE,,0.0,0.0,0.0
2020-09-13,1,B.Mayfield,CLE,BAL,16.0,0.0,1.0,0.0
2020-09-13,1,B.Mayfield,CLE,BAL,6.0,0.0,1.0,0.0
2020-09-13,1,B.Mayfield,CLE,BAL,1.0,1.0,1.0,0.0
2020-09-13,1,L.Jackson,BAL,CLE,47.0,0.0,1.0,0.0
2020-09-13,1,B.Mayfield,CLE,BAL,8.0,0.0,1.0,0.0
2020-09-13,1,B.Mayfield,CLE,BAL,,0.0,0.0,0.0
2020-09-13,1,B.Mayfield,CLE,BAL,13.0,0.0,1.0,0.0
2020-09-13,1,B.Mayfield,CLE,BAL,,0.0,0.0,0.0
2020-09-13,1,B.Mayfield,CLE,BAL,9.0,0.0,1.0,0.0
2020-09-13,1,B.Mayfield,CLE,BAL,1.0,0.0,1.0,0.0
2020-09-13,1,B.Mayfield,CLE,BAL,,0.0,0.0,0.0
2020-09-13,1,B.Mayfield,CLE,BAL,,0.0,0.0,0.0
2020-09-13,1,B.Mayfield,CLE,BAL,,0.0,0.0,0.0
2020-09-13,1,L.Jackson,BAL,CLE,9.0,0.0,1.0,0.0
2020-09-13,1,L.Jackson,BAL,CLE,25.0,0.0,1.0,0.0
2020-09-13,1,L.Jackson,BAL,CLE,21.0,0.0,1.0,0.0
2020-09-13,1,L.Jackson,BAL,CLE,4.0,0.0,1.0,0.0
2020-09-13,1,L.Jackson,BAL,CLE,16.0,0.0,1.0,0.0
2020-09-13,1,B.Mayfield,CLE,BAL,16.0,0.0,1.0,0.0
2020-09-13,1,B.Mayfield,CLE,BAL,28.0,0.0,1.0,0.0
2020-09-13,1,B.Mayfield,CLE,BAL,8.0,0.0,1.0,0.0
2020-09-13,1,B.Mayfield,CLE,BAL,,0.0,0.0,0.0
2020-09-13,1,L.Jackson,BAL,CLE,20.0,0.0,1.0,0.0
2020-09-13,1,L.Jackson,BAL,CLE,13.0,0.0,1.0,0.0
2020-09-13,1,L.Jackson,BAL,CLE,16.0,0.0,1.0,0.0
2020-09-13,1,L.Jackson,BAL,CLE,11.0,0.0,1.0,0.0
2020-09-13,1,L.Jackson,BAL,CLE,,0.0,0.0,0.0
2020-09-13,1,L.Jackson,BAL,CLE,,0.0,0.0,0.0
2020-09-13,1,L.Jackson,BAL,CLE,9.0,1.0,1.0,0.0
2020-09-13,1,L.Jackson,BAL,CLE,,0.0,0.0,0.0
2020-09-13,1,L.Jackson,BAL,CLE,,0.0,0.0,0.0
2020-09-13,1,B.Mayfield,CLE,BAL,,0.0,0.0,0.0
2020-09-13,1,B.Mayfield,CLE,BAL,,0.0,0.0,0.0
2020-09-13,1,B.Mayfield,CLE,BAL,,0.0,0.0,0.0
2020-09-13,1,B.Mayfield,CLE,BAL,,0.0,0.0,0.0
2020-09-13,1,B.Mayfield,CLE,BAL,,0.0,0.0,0.0
2020-09-13,1,L.Jackson,BAL,CLE,4.0,0.0,1.0,0.0
2020-09-13,1,L.Jackson,BAL,CLE,21.0,0.0,1.0,0.0
2020-09-13,1,L.Jackson,BAL,CLE,19.0,1.0,1.0,0.0
2020-09-13,1,B.Mayfield,CLE,BAL,,0.0,0.0,0.0
2020-09-13,1,B.Mayfield,CLE,BAL,20.0,0.0,1.0,0.0
2020-09-13,1,B.Mayfield,CLE,BAL,5.0,0.0,1.0,0.0
2020-09-13,1,B.Mayfield,CLE,BAL,21.0,0.0,1.0,0.0
2020-09-13,1,B.Mayfield,CLE,BAL,3.0,0.0,1.0,0.0
2020-09-13,1,B.Mayfield,CLE,BAL,-2.0,0.0,1.0,0.0
2020-09-13,1,B.Mayfield,CLE,BAL,,0.0,0.0,0.0
2020-09-13,1,B.Mayfield,CLE,BAL,,0.0,0.0,0.0
2020-09-13,1,L.Jackson,BAL,CLE,12.0,0.0,1.0,0.0
2020-09-13,1,L.Jackson,BAL,CLE,-1.0,0.0,1.0,0.0
2020-09-13,1,L.Jackson,BAL,CLE,,0.0,0.0,0.0
2020-09-13,1,B.Mayfield,CLE,BAL,4.0,0.0,1.0,0.0
2020-09-13,1,L.Jackson,BAL,CLE,2.0,0.0,1.0,0.0
2020-09-13,1,B.Mayfield,CLE,BAL,0.0,0.0,1.0,0.0
2020-09-13,1,B.Mayfield,CLE,BAL,9.0,0.0,1.0,0.0
2020-09-13,1,B.Mayfield,CLE,BAL,,0.0,0.0,0.0
2020-09-13,1,B.Mayfield,CLE,BAL,,0.0,0.0,0.0
2020-09-13,1,L.Jackson,BAL,CLE,,0.0,0.0,0.0
2020-09-13,1,L.Jackson,BAL,CLE,10.0,0.0,1.0,0.0
2020-09-13,1,B.Mayfield,CLE,BAL,12.0,0.0,1.0,0.0
2020-09-13,1,B.Mayfield,CLE,BAL,,0.0,0.0,0.0
2020-09-13,1,R.Griffin,BAL,CLE,9.0,0.0,1.0,0.0
2020-09-13,1,J.Goff,LA,DAL,20.0,0.0,1.0,0.0
2020-09-13,1,J.Goff,LA,DAL,31.0,0.0,1.0,0.0
2020-09-13,1,J.Goff,LA,DAL,9.0,0.0,1.0,0.0
2020-09-13,1,D.Prescott,DAL,LA,9.0,0.0,1.0,0.0
2020-09-13,1,D.Prescott,DAL,LA,10.0,0.0,1.0,0.0
2020-09-13,1,D.Prescott,DAL,LA,,0.0,0.0,0.0
2020-09-13,1,D.Prescott,DAL,LA,,0.0,0.0,0.0
2020-09-13,1,J.Goff,LA,DAL,18.0,0.0,1.0,0.0
2020-09-13,1,J.Goff,LA,DAL,,0.0,0.0,0.0
2020-09-13,1,J.Goff,LA,DAL,6.0,0.0,1.0,0.0
2020-09-13,1,J.Goff,LA,DAL,4.0,0.0,1.0,0.0
2020-09-13,1,J.Goff,LA,DAL,8.0,0.0,1.0,0.0
2020-09-13,1,J.Goff,LA,DAL,4.0,0.0,1.0,0.0
2020-09-13,1,J.Goff,LA,DAL,5.0,0.0,1.0,0.0
2020-09-13,1,J.Goff,LA,DAL,,0.0,0.0,0.0
2020-09-13,1,D.Prescott,DAL,LA,24.0,0.0,1.0,0.0
2020-09-13,1,D.Prescott,DAL,LA,4.0,0.0,1.0,0.0
2020-09-13,1,D.Prescott,DAL,LA,5.0,0.0,1.0,0.0
2020-09-13,1,D.Prescott,DAL,LA,33.0,0.0,1.0,0.0
2020-09-13,1,D.Prescott,DAL,LA,6.0,0.0,1.0,0.0
2020-09-13,1,D.Prescott,DAL,LA,19.0,1.0,1.0,0.0
2020-09-13,1,J.Goff,LA,DAL,,0.0,0.0,0.0
2020-09-13,1,J.Goff,LA,DAL,21.0,0.0,1.0,0.0
2020-09-13,1,J.Goff,LA,DAL,11.0,0.0,1.0,0.0
2020-09-13,1,J.Goff,LA,DAL,,0.0,0.0,0.0
2020-09-13,1,J.Goff,LA,DAL,,0.0,0.0,0.0
2020-09-13,1,J.Goff,LA,DAL,,0.0,0.0,0.0
2020-09-13,1,D.Prescott,DAL,LA,3.0,0.0,1.0,0.0
2020-09-13,1,D.Prescott,DAL,LA,18.0,0.0,1.0,0.0
2020-09-13,1,D.Prescott,DAL,LA,,0.0,0.0,0.0
2020-09-13,1,D.Prescott,DAL,LA,,0.0,0.0,0.0
2020-09-13,1,J.Goff,LA,DAL,31.0,0.0,1.0,0.0
2020-09-13,1,J.Goff,LA,DAL,,0.0,0.0,0.0
2020-09-13,1,D.Prescott,DAL,LA,9.0,0.0,1.0,0.0
2020-09-13,1,D.Prescott,DAL,LA,12.0,0.0,1.0,0.0
2020-09-13,1,D.Prescott,DAL,LA,12.0,0.0,1.0,0.0
2020-09-13,1,D.Prescott,DAL,LA,14.0,0.0,1.0,0.0
2020-09-13,1,D.Prescott,DAL,LA,9.0,0.0,1.0,0.0
2020-09-13,1,D.Prescott,DAL,LA,,0.0,0.0,0.0
2020-09-13,1,D.Prescott,DAL,LA,11.0,0.0,1.0,0.0
2020-09-13,1,D.Prescott,DAL,LA,,0.0,0.0,0.0
2020-09-13,1,J.Goff,LA,DAL,10.0,0.0,1.0,0.0
2020-09-13,1,J.Goff,LA,DAL,7.0,0.0,1.0,0.0
2020-09-13,1,J.Goff,LA,DAL,30.0,0.0,1.0,0.0
2020-09-13,1,J.Goff,LA,DAL,6.0,0.0,1.0,0.0
2020-09-13,1,J.Goff,LA,DAL,17.0,0.0,1.0,0.0
2020-09-13,1,D.Prescott,DAL,LA,12.0,0.0,1.0,0.0
2020-09-13,1,D.Prescott,DAL,LA,,0.0,0.0,0.0
2020-09-13,1,D.Prescott,DAL,LA,,0.0,0.0,0.0
2020-09-13,1,J.Goff,LA,DAL,,0.0,0.0,0.0
2020-09-13,1,J.Goff,LA,DAL,,0.0,0.0,1.0
2020-09-13,1,D.Prescott,DAL,LA,11.0,0.0,1.0,0.0
2020-09-13,1,D.Prescott,DAL,LA,,0.0,0.0,0.0
2020-09-13,1,D.Prescott,DAL,LA,,0.0,0.0,0.0
2020-09-13,1,J.Goff,LA,DAL,,0.0,0.0,0.0
2020-09-13,1,D.Prescott,DAL,LA,11.0,0.0,1.0,0.0
2020-09-13,1,D.Prescott,DAL,LA,14.0,0.0,1.0,0.0
2020-09-13,1,D.Prescott,DAL,LA,,0.0,0.0,0.0
2020-09-13,1,D.Prescott,DAL,LA,2.0,0.0,1.0,0.0
2020-09-13,1,J.Goff,LA,DAL,7.0,0.0,1.0,0.0
2020-09-13,1,J.Goff,LA,DAL,15.0,0.0,1.0,0.0
2020-09-13,1,J.Goff,LA,DAL,,0.0,0.0,0.0
2020-09-13,1,J.Goff,LA,DAL,15.0,0.0,1.0,0.0
2020-09-13,1,J.Goff,LA,DAL,,0.0,0.0,0.0
2020-09-13,1,D.Prescott,DAL,LA,2.0,0.0,1.0,0.0
2020-09-13,1,D.Prescott,DAL,LA,,0.0,0.0,0.0
2020-09-13,1,D.Prescott,DAL,LA,5.0,0.0,1.0,0.0
2020-09-13,1,D.Prescott,DAL,LA,7.0,0.0,1.0,0.0
2020-09-13,1,D.Prescott,DAL,LA,4.0,0.0,1.0,0.0
2020-09-13,1,D.Prescott,DAL,LA,,0.0,0.0,0.0
2020-09-13,1,D.Prescott,DAL,LA,,0.0,0.0,0.0
2020-09-13,1,D.Prescott,DAL,LA,,0.0,0.0,0.0
2020-09-13,1,D.Prescott,DAL,LA,,0.0,0.0,0.0
2020-09-13,1,D.Prescott,DAL,LA,,0.0,0.0,0.0
2020-09-13,1,A.Rodgers,GB,MIN,6.0,0.0,1.0,0.0
2020-09-13,1,A.Rodgers,GB,MIN,6.0,0.0,1.0,0.0
2020-09-13,1,A.Rodgers,GB,MIN,7.0,0.0,1.0,0.0
2020-09-13,1,A.Rodgers,GB,MIN,9.0,0.0,1.0,0.0
2020-09-13,1,A.Rodgers,GB,MIN,15.0,0.0,1.0,0.0
2020-09-13,1,A.Rodgers,GB,MIN,-1.0,0.0,1.0,0.0
2020-09-13,1,A.Rodgers,GB,MIN,-1.0,0.0,1.0,0.0
2020-09-13,1,A.Rodgers,GB,MIN,,0.0,0.0,0.0
2020-09-13,1,K.Cousins,MIN,GB,7.0,0.0,1.0,0.0
2020-09-13,1,K.Cousins,MIN,GB,25.0,0.0,1.0,0.0
2020-09-13,1,A.Rodgers,GB,MIN,14.0,0.0,1.0,0.0
2020-09-13,1,A.Rodgers,GB,MIN,,0.0,0.0,0.0
2020-09-13,1,A.Rodgers,GB,MIN,12.0,0.0,1.0,0.0
2020-09-13,1,A.Rodgers,GB,MIN,7.0,0.0,1.0,0.0
2020-09-13,1,A.Rodgers,GB,MIN,10.0,0.0,1.0,0.0
2020-09-13,1,A.Rodgers,GB,MIN,,0.0,0.0,0.0
2020-09-13,1,A.Rodgers,GB,MIN,,0.0,0.0,0.0
2020-09-13,1,K.Cousins,MIN,GB,,0.0,0.0,0.0
2020-09-13,1,A.Rodgers,GB,MIN,18.0,0.0,1.0,0.0
2020-09-13,1,A.Rodgers,GB,MIN,12.0,0.0,1.0,0.0
2020-09-13,1,A.Rodgers,GB,MIN,,0.0,0.0,0.0
2020-09-13,1,A.Rodgers,GB,MIN,,0.0,0.0,0.0
2020-09-13,1,A.Rodgers,GB,MIN,,0.0,0.0,0.0
2020-09-13,1,K.Cousins,MIN,GB,,0.0,0.0,0.0
2020-09-13,1,A.Rodgers,GB,MIN,1.0,0.0,1.0,0.0
2020-09-13,1,A.Rodgers,GB,MIN,,0.0,0.0,0.0
2020-09-13,1,A.Rodgers,GB,MIN,6.0,0.0,1.0,0.0
2020-09-13,1,A.Rodgers,GB,MIN,3.0,0.0,1.0,0.0
2020-09-13,1,A.Rodgers,GB,MIN,8.0,0.0,1.0,0.0
2020-09-13,1,A.Rodgers,GB,MIN,24.0,1.0,1.0,0.0
2020-09-13,1,K.Cousins,MIN,GB,,0.0,0.0,0.0
2020-09-13,1,K.Cousins,MIN,GB,,0.0,0.0,1.0
2020-09-13,1,A.Rodgers,GB,MIN,,0.0,0.0,0.0
2020-09-13,1,A.Rodgers,GB,MIN,45.0,1.0,1.0,0.0
2020-09-13,1,K.Cousins,MIN,GB,22.0,0.0,1.0,0.0
2020-09-13,1,K.Cousins,MIN,GB,,0.0,0.0,0.0
2020-09-13,1,K.Cousins,MIN,GB,9.0,0.0,1.0,0.0
2020-09-13,1,A.Rodgers,GB,MIN,8.0,0.0,1.0,0.0
2020-09-13,1,A.Rodgers,GB,MIN,1.0,0.0,1.0,0.0
2020-09-13,1,A.Rodgers,GB,MIN,,0.0,0.0,0.0
2020-09-13,1,K.Cousins,MIN,GB,-2.0,0.0,1.0,0.0
2020-09-13,1,K.Cousins,MIN,GB,5.0,0.0,1.0,0.0
2020-09-13,1,K.Cousins,MIN,GB,,0.0,0.0,0.0
2020-09-13,1,A.Rodgers,GB,MIN,,0.0,0.0,0.0
2020-09-13,1,A.Rodgers,GB,MIN,12.0,0.0,1.0,0.0
2020-09-13,1,A.Rodgers,GB,MIN,3.0,0.0,1.0,0.0
2020-09-13,1,A.Rodgers,GB,MIN,39.0,0.0,1.0,0.0
2020-09-13,1,A.Rodgers,GB,MIN,1.0,1.0,1.0,0.0
2020-09-13,1,K.Cousins,MIN,GB,29.0,0.0,1.0,0.0
2020-09-13,1,K.Cousins,MIN,GB,37.0,1.0,1.0,0.0
2020-09-13,1,A.Rodgers,GB,MIN,,0.0,0.0,0.0
2020-09-13,1,A.Rodgers,GB,MIN,38.0,0.0,1.0,0.0
2020-09-13,1,A.Rodgers,GB,MIN,1.0,0.0,1.0,0.0
2020-09-13,1,A.Rodgers,GB,MIN,4.0,1.0,1.0,0.0
2020-09-13,1,K.Cousins,MIN,GB,10.0,0.0,1.0,0.0
2020-09-13,1,K.Cousins,MIN,GB,,0.0,0.0,0.0
2020-09-13,1,K.Cousins,MIN,GB,11.0,0.0,1.0,0.0
2020-09-13,1,K.Cousins,MIN,GB,17.0,0.0,1.0,0.0
2020-09-13,1,K.Cousins,MIN,GB,22.0,0.0,1.0,0.0
2020-09-13,1,A.Rodgers,GB,MIN,4.0,0.0,1.0,0.0
2020-09-13,1,A.Rodgers,GB,MIN,6.0,0.0,1.0,0.0
2020-09-13,1,A.Rodgers,GB,MIN,40.0,0.0,1.0,0.0
2020-09-13,1,A.Rodgers,GB,MIN,6.0,0.0,1.0,0.0
2020-09-13,1,K.Cousins,MIN,GB,6.0,0.0,1.0,0.0
2020-09-13,1,K.Cousins,MIN,GB,7.0,0.0,1.0,0.0
2020-09-13,1,K.Cousins,MIN,GB,9.0,0.0,1.0,0.0
2020-09-13,1,K.Cousins,MIN,GB,9.0,0.0,1.0,0.0
2020-09-13,1,K.Cousins,MIN,GB,,0.0,0.0,0.0
2020-09-13,1,K.Cousins,MIN,GB,5.0,0.0,1.0,0.0
2020-09-13,1,K.Cousins,MIN,GB,12.0,0.0,1.0,0.0
2020-09-13,1,K.Cousins,MIN,GB,19.0,1.0,1.0,0.0
2020-09-13,1,K.Cousins,MIN,GB,,0.0,0.0,0.0
2020-09-10,1,D.Watson,HOU,KC,,0.0,0.0,0.0
2020-09-10,1,D.Watson,HOU,KC,,0.0,0.0,0.0
2020-09-10,1,P.Mahomes,KC,HOU,6.0,0.0,1.0,0.0
2020-09-10,1,P.Mahomes,KC,HOU,6.0,0.0,1.0,0.0
2020-09-10,1,P.Mahomes,KC,HOU,11.0,0.0,1.0,0.0
2020-09-10,1,P.Mahomes,KC,HOU,,0.0,0.0,0.0
2020-09-10,1,P.Mahomes,KC,HOU,,0.0,0.0,0.0
2020-09-10,1,P.Mahomes,KC,HOU,,0.0,0.0,0.0
2020-09-10,1,D.Watson,HOU,KC,12.0,0.0,1.0,0.0
2020-09-10,1,D.Watson,HOU,KC,5.0,0.0,1.0,0.0
2020-09-10,1,D.Watson,HOU,KC,6.0,0.0,1.0,0.0
2020-09-10,1,D.Watson,HOU,KC,11.0,0.0,1.0,0.0
2020-09-10,1,D.Watson,HOU,KC,9.0,0.0,1.0,0.0
2020-09-10,1,P.Mahomes,KC,HOU,7.0,0.0,1.0,0.0
2020-09-10,1,P.Mahomes,KC,HOU,15.0,0.0,1.0,0.0
2020-09-10,1,P.Mahomes,KC,HOU,10.0,0.0,1.0,0.0
2020-09-10,1,P.Mahomes,KC,HOU,13.0,0.0,1.0,0.0
2020-09-10,1,P.Mahomes,KC,HOU,2.0,0.0,1.0,0.0
2020-09-10,1,P.Mahomes,KC,HOU,,0.0,0.0,0.0
2020-09-10,1,P.Mahomes,KC,HOU,6.0,1.0,1.0,0.0
2020-09-10,1,D.Watson,HOU,KC,19.0,0.0,1.0,0.0
2020-09-10,1,D.Watson,HOU,KC,,0.0,0.0,0.0
2020-09-10,1,P.Mahomes,KC,HOU,5.0,0.0,1.0,0.0
2020-09-10,1,P.Mahomes,KC,HOU,,0.0,0.0,0.0
2020-09-10,1,P.Mahomes,KC,HOU,4.0,0.0,1.0,0.0
2020-09-10,1,P.Mahomes,KC,HOU,9.0,0.0,1.0,0.0
2020-09-10,1,P.Mahomes,KC,HOU,9.0,0.0,1.0,0.0
2020-09-10,1,P.Mahomes,KC,HOU,2.0,1.0,1.0,0.0
2020-09-10,1,D.Watson,HOU,KC,7.0,0.0,1.0,0.0
2020-09-10,1,D.Watson,HOU,KC,,0.0,0.0,0.0
2020-09-10,1,D.Watson,HOU,KC,15.0,0.0,1.0,0.0
2020-09-10,1,D.Watson,HOU,KC,,0.0,0.0,0.0
2020-09-10,1,D.Watson,HOU,KC,20.0,0.0,1.0,0.0
2020-09-10,1,D.Watson,HOU,KC,,0.0,0.0,0.0
2020-09-10,1,D.Watson,HOU,KC,,0.0,0.0,0.0
2020-09-10,1,D.Watson,HOU,KC,,0.0,0.0,0.0
2020-09-10,1,P.Mahomes,KC,HOU,,0.0,0.0,0.0
2020-09-10,1,P.Mahomes,KC,HOU,17.0,0.0,1.0,0.0
2020-09-10,1,P.Mahomes,KC,HOU,11.0,0.0,1.0,0.0
2020-09-10,1,P.Mahomes,KC,HOU,7.0,0.0,1.0,0.0
2020-09-10,1,P.Mahomes,KC,HOU,12.0,0.0,1.0,0.0
2020-09-10,1,P.Mahomes,KC,HOU,14.0,0.0,1.0,0.0
2020-09-10,1,P.Mahomes,KC,HOU,7.0,0.0,1.0,0.0
2020-09-10,1,D.Watson,HOU,KC,8.0,0.0,1.0,0.0
2020-09-10,1,D.Watson,HOU,KC,7.0,0.0,1.0,0.0
2020-09-10,1,D.Watson,HOU,KC,,0.0,0.0,0.0
2020-09-10,1,P.Mahomes,KC,HOU,19.0,0.0,1.0,0.0
2020-09-10,1,P.Mahomes,KC,HOU,,0.0,0.0,0.0
2020-09-10,1,P.Mahomes,KC,HOU,15.0,0.0,1.0,0.0
2020-09-10,1,P.Mahomes,KC,HOU,1.0,0.0,1.0,0.0
2020-09-10,1,D.Watson,HOU,KC,20.0,0.0,1.0,0.0
2020-09-10,1,D.Watson,HOU,KC,,0.0,0.0,1.0
2020-09-10,1,P.Mahomes,KC,HOU,,0.0,0.0,0.0
2020-09-10,1,P.Mahomes,KC,HOU,3.0,1.0,1.0,0.0
2020-09-10,1,D.Watson,HOU,KC,10.0,0.0,1.0,0.0
2020-09-10,1,D.Watson,HOU,KC,12.0,0.0,1.0,0.0
2020-09-10,1,D.Watson,HOU,KC,,0.0,0.0,0.0
2020-09-10,1,D.Watson,HOU,KC,,0.0,0.0,0.0
2020-09-10,1,D.Watson,HOU,KC,,0.0,0.0,0.0
2020-09-10,1,D.Watson,HOU,KC,11.0,0.0,1.0,0.0
2020-09-10,1,D.Watson,HOU,KC,19.0,1.0,1.0,0.0
2020-09-10,1,D.Watson,HOU,KC,,0.0,0.0,0.0
2020-09-10,1,P.Mahomes,KC,HOU,,0.0,0.0,0.0
2020-09-10,1,D.Watson,HOU,KC,31.0,0.0,1.0,0.0
2020-09-10,1,D.Watson,HOU,KC,,0.0,0.0,0.0
2020-09-10,1,D.Watson,HOU,KC,17.0,0.0,1.0,0.0
2020-09-10,1,D.Watson,HOU,KC,,0.0,0.0,0.0
2020-09-10,1,D.Watson,HOU,KC,8.0,0.0,1.0,0.0
2020-09-10,1,D.Watson,HOU,KC,6.0,0.0,1.0,0.0
2020-09-10,1,D.Watson,HOU,KC,,0.0,0.0,0.0
2020-09-13,1,P.Rivers,IND,JAX,8.0,0.0,1.0,0.0
2020-09-13,1,P.Rivers,IND,JAX,21.0,0.0,1.0,0.0
2020-09-13,1,P.Rivers,IND,JAX,5.0,0.0,1.0,0.0
2020-09-13,1,G.Minshew,JAX,IND,5.0,0.0,1.0,0.0
2020-09-13,1,G.Minshew,JAX,IND,4.0,0.0,1.0,0.0
2020-09-13,1,G.Minshew,JAX,IND,4.0,0.0,1.0,0.0
2020-09-13,1,G.Minshew,JAX,IND,2.0,0.0,1.0,0.0
2020-09-13,1,P.Rivers,IND,JAX,18.0,0.0,1.0,0.0
2020-09-13,1,P.Rivers,IND,JAX,19.0,0.0,1.0,0.0
2020-09-13,1,P.Rivers,IND,JAX,,0.0,0.0,0.0
2020-09-13,1,P.Rivers,IND,JAX,6.0,0.0,1.0,0.0
2020-09-13,1,G.Minshew,JAX,IND,,0.0,0.0,0.0
2020-09-13,1,G.Minshew,JAX,IND,7.0,0.0,1.0,0.0
2020-09-13,1,G.Minshew,JAX,IND,,0.0,0.0,0.0
2020-09-13,1,P.Rivers,IND,JAX,20.0,0.0,1.0,0.0
2020-09-13,1,P.Rivers,IND,JAX,,0.0,0.0,0.0
2020-09-13,1,P.Rivers,IND,JAX,0.0,0.0,1.0,0.0
2020-09-13,1,P.Rivers,IND,JAX,,0.0,0.0,1.0
2020-09-13,1,G.Minshew,JAX,IND,6.0,1.0,1.0,0.0
2020-09-13,1,P.Rivers,IND,JAX,6.0,0.0,1.0,0.0
2020-09-13,1,P.Rivers,IND,JAX,17.0,0.0,1.0,0.0
2020-09-13,1,P.Rivers,IND,JAX,,0.0,0.0,0.0
2020-09-13,1,P.Rivers,IND,JAX,3.0,0.0,1.0,0.0
2020-09-13,1,P.Rivers,IND,JAX,14.0,0.0,1.0,0.0
2020-09-13,1,P.Rivers,IND,JAX,35.0,0.0,1.0,0.0
2020-09-13,1,J.Brissett,IND,JAX,,0.0,0.0,0.0
2020-09-13,1,P.Rivers,IND,JAX,8.0,1.0,1.0,0.0
2020-09-13,1,G.Minshew,JAX,IND,18.0,0.0,1.0,0.0
2020-09-13,1,G.Minshew,JAX,IND,4.0,0.0,1.0,0.0
2020-09-13,1,G.Minshew,JAX,IND,10.0,0.0,1.0,0.0
2020-09-13,1,G.Minshew,JAX,IND,12.0,0.0,1.0,0.0
2020-09-13,1,G.Minshew,JAX,IND,6.0,0.0,1.0,0.0
2020-09-13,1,G.Minshew,JAX,IND,15.0,1.0,1.0,0.0
2020-09-13,1,P.Rivers,IND,JAX,11.0,0.0,1.0,0.0
2020-09-13,1,P.Rivers,IND,JAX,0.0,0.0,1.0,0.0
2020-09-13,1,P.Rivers,IND,JAX,12.0,0.0,1.0,0.0
2020-09-13,1,P.Rivers,IND,JAX,12.0,0.0,1.0,0.0
2020-09-13,1,P.Rivers,IND,JAX,9.0,0.0,1.0,0.0
2020-09-13,1,P.Rivers,IND,JAX,3.0,0.0,1.0,0.0
2020-09-13,1,G.Minshew,JAX,IND,,0.0,0.0,0.0
2020-09-13,1,P.Rivers,IND,JAX,28.0,0.0,1.0,0.0
2020-09-13,1,P.Rivers,IND,JAX,8.0,0.0,1.0,0.0
2020-09-13,1,P.Rivers,IND,JAX,13.0,0.0,1.0,0.0
2020-09-13,1,P.Rivers,IND,JAX,4.0,0.0,1.0,0.0
2020-09-13,1,P.Rivers,IND,JAX,,0.0,0.0,0.0
2020-09-13,1,G.Minshew,JAX,IND,0.0,0.0,1.0,0.0
2020-09-13,1,G.Minshew,JAX,IND,14.0,0.0,1.0,0.0
2020-09-13,1,G.Minshew,JAX,IND,6.0,0.0,1.0,0.0
2020-09-13,1,G.Minshew,JAX,IND,,0.0,0.0,0.0
2020-09-13,1,P.Rivers,IND,JAX,5.0,0.0,1.0,0.0
2020-09-13,1,P.Rivers,IND,JAX,,0.0,0.0,0.0
2020-09-13,1,P.Rivers,IND,JAX,3.0,0.0,1.0,0.0
2020-09-13,1,P.Rivers,IND,JAX,17.0,0.0,1.0,0.0
2020-09-13,1,P.Rivers,IND,JAX,9.0,0.0,1.0,0.0
2020-09-13,1,P.Rivers,IND,JAX,6.0,0.0,1.0,0.0
2020-09-13,1,P.Rivers,IND,JAX,7.0,0.0,1.0,0.0
2020-09-13,1,G.Minshew,JAX,IND,28.0,0.0,1.0,0.0
