game_date,week,receiver_player_name,posteam,defteam,receiving_yards,complete_pass,pass_touchdown
2020-09-13,1,G.Kittle,SF,ARI,5.0,1.0,0.0
2020-09-13,1,G.Kittle,SF,ARI,11.0,1.0,0.0
2020-09-13,1,D.Hopkins,ARI,SF,3.0,1.0,0.0
2020-09-13,1,L.Fitzgerald,ARI,SF,7.0,1.0,0.0
2020-09-13,1,L.Fitzgerald,ARI,SF,,0.0,0.0
2020-09-13,1,L.Fitzgerald,ARI,SF,10.0,1.0,0.0
2020-09-13,1,R.Mostert,SF,ARI,76.0,1.0,1.0
2020-09-13,1,D.Hopkins,ARI,SF,1.0,1.0,0.0
2020-09-13,1,K.Drake,ARI,SF,2.0,1.0,0.0
2020-09-13,1,C.Kirk,ARI,SF,,0.0,0.0
2020-09-13,1,R.Mostert,SF,ARI,5.0,1.0,0.0
2020-09-13,1,T.Taylor,SF,ARI,,0.0,0.0
2020-09-13,1,C.Edmonds,ARI,SF,10.0,1.0,1.0
2020-09-13,1,G.Kittle,SF,ARI,14.0,1.0,0.0
2020-09-13,1,J.McKinnon,SF,ARI,,0.0,0.0
2020-09-13,1,C.Kirk,ARI,SF,,0.0,0.0
2020-09-13,1,L.Fitzgerald,ARI,SF,8.0,1.0,0.0
2020-09-13,1,G.Kittle,SF,ARI,14.0,1.0,0.0
2020-09-13,1,J.Reed,SF,ARI,10.0,1.0,0.0
2020-09-13,1,D.Hopkins,ARI,SF,,0.0,0.0
2020-09-13,1,D.Hopkins,ARI,SF,6.0,1.0,0.0
2020-09-13,1,M.Williams,ARI,SF,,0.0,0.0
2020-09-13,1,L.Fitzgerald,ARI,SF,9.0,1.0,0.0
2020-09-13,1,D.Hopkins,ARI,SF,12.0,1.0,0.0
2020-09-13,1,D.Hopkins,ARI,SF,15.0,1.0,0.0
2020-09-13,1,C.Edmonds,ARI,SF,5.0,1.0,0.0
2020-09-13,1,C.Edmonds,ARI,SF,,0.0,0.0
2020-09-13,1,K.Bourne,SF,ARI,18.0,1.0,0.0
2020-09-13,1,D.Pettis,SF,ARI,,0.0,0.0
2020-09-13,1,J.McKinnon,SF,ARI,,0.0,0.0
2020-09-13,1,D.Arnold,ARI,SF,13.0,1.0,0.0
2020-09-13,1,M.Williams,ARI,SF,,0.0,0.0
2020-09-13,1,J.McKinnon,SF,ARI,9.0,1.0,0.0
2020-09-13,1,J.McKinnon,SF,ARI,6.0,1.0,0.0
2020-09-13,1,G.Kittle,SF,ARI,,0.0,0.0
2020-09-13,1,T.Taylor,SF,ARI,2.0,1.0,0.0
2020-09-13,1,D.Hopkins,ARI,SF,12.0,1.0,0.0
2020-09-13,1,D.Hopkins,ARI,SF,5.0,1.0,0.0
2020-09-13,1,K.Drake,ARI,SF,3.0,1.0,0.0
2020-09-13,1,D.Hopkins,ARI,SF,9.0,1.0,0.0
2020-09-13,1,D.Hopkins,ARI,SF,12.0,1.0,0.0
2020-09-13,1,C.Kirk,ARI,SF,,0.0,0.0
2020-09-13,1,K.Bourne,SF,ARI,,0.0,0.0
2020-09-13,1,D.Arnold,ARI,SF,8.0,1.0,0.0
2020-09-13,1,D.Hopkins,ARI,SF,,0.0,0.0
2020-09-13,1,K.Bourne,SF,ARI,16.0,1.0,0.0
2020-09-13,1,T.Coleman,SF,ARI,,0.0,0.0
2020-09-13,1,C.Edmonds,ARI,SF,,0.0,0.0
2020-09-13,1,D.Hopkins,ARI,SF,7.0,1.0,0.0
2020-09-13,1,D.Hopkins,ARI,SF,18.0,1.0,0.0
2020-09-13,1,D.Hopkins,ARI,SF,7.0,1.0,0.0
2020-09-13,1,K.Juszczyk,SF,ARI,41.0,1.0,0.0
2020-09-13,1,K.Juszczyk,SF,ARI,,0.0,0.0
2020-09-13,1,R.Mostert,SF,ARI,,0.0,0.0
2020-09-13,1,K.Bourne,SF,ARI,,0.0,0.0
2020-09-13,1,J.McKinnon,SF,ARI,5.0,1.0,1.0
2020-09-13,1,C.Kirk,ARI,SF,,0.0,0.0
2020-09-13,1,D.Hopkins,ARI,SF,11.0,1.0,0.0
2020-09-13,1,C.Kirk,ARI,SF,0.0,1.0,0.0
2020-09-13,1,C.Edmonds,ARI,SF,4.0,1.0,0.0
2020-09-13,1,D.Hopkins,ARI,SF,33.0,1.0,0.0
2020-09-13,1,R.Mostert,SF,ARI,5.0,1.0,0.0
2020-09-13,1,T.Coleman,SF,ARI,6.0,1.0,0.0
2020-09-13,1,J.Reed,SF,ARI,2.0,1.0,0.0
2020-09-13,1,R.Mostert,SF,ARI,9.0,1.0,0.0
2020-09-13,1,K.Bourne,SF,ARI,,0.0,0.0
2020-09-13,1,T.Taylor,SF,ARI,5.0,1.0,0.0
2020-09-13,1,T.Taylor,SF,ARI,,0.0,0.0
2020-09-13,1,T.Taylor,SF,ARI,,0.0,0.0
2020-09-13,1,Q.Cephus,DET,CHI,,0.0,0.0
2020-09-13,1,J.Graham,CHI,DET,,0.0,0.0
2020-09-13,1,A.Robinson,CHI,DET,13.0,1.0,0.0
2020-09-13,1,A.Robinson,CHI,DET,12.0,1.0,0.0
2020-09-13,1,J.Graham,CHI,DET,,0.0,0.0
2020-09-13,1,J.Graham,CHI,DET,,0.0,0.0
2020-09-13,1,T.Ginn,CHI,DET,,0.0,0.0
2020-09-13,1,D.Amendola,DET,CHI,,0.0,0.0
2020-09-13,1,Q.Cephus,DET,CHI,20.0,1.0,0.0
2020-09-13,1,Q.Cephus,DET,CHI,,0.0,0.0
2020-09-13,1,Q.Cephus,DET,CHI,,0.0,0.0
2020-09-13,1,D.Montgomery,CHI,DET,10.0,1.0,0.0
2020-09-13,1,D.Mooney,CHI,DET,19.0,1.0,0.0
2020-09-13,1,A.Robinson,CHI,DET,,0.0,0.0
2020-09-13,1,A.Miller,CHI,DET,,0.0,0.0
2020-09-13,1,A.Peterson,DET,CHI,8.0,1.0,0.0
2020-09-13,1,D.Amendola,DET,CHI,11.0,1.0,0.0
2020-09-13,1,C.Patterson,CHI,DET,12.0,1.0,0.0
2020-09-13,1,A.Robinson,CHI,DET,,0.0,0.0
2020-09-13,1,A.Robinson,CHI,DET,,0.0,0.0
2020-09-13,1,M.Hall,DET,CHI,26.0,1.0,0.0
2020-09-13,1,T.Hockenson,DET,CHI,8.0,1.0,0.0
2020-09-13,1,D.Amendola,DET,CHI,,0.0,0.0
2020-09-13,1,D.Amendola,DET,CHI,18.0,1.0,0.0
2020-09-13,1,M.Hall,DET,CHI,,0.0,0.0
2020-09-13,1,M.Jones,DET,CHI,,0.0,0.0
2020-09-13,1,M.Jones,DET,CHI,21.0,1.0,0.0
2020-09-13,1,J.Agnew,DET,CHI,,0.0,0.0
2020-09-13,1,A.Robinson,CHI,DET,22.0,1.0,0.0
2020-09-13,1,D.Mooney,CHI,DET,19.0,1.0,0.0
2020-09-13,1,J.Graham,CHI,DET,,0.0,0.0
2020-09-13,1,C.Kmet,CHI,DET,,0.0,0.0
2020-09-13,1,M.Jones,DET,CHI,7.0,1.0,0.0
2020-09-13,1,T.Cohen,CHI,DET,3.0,1.0,0.0
2020-09-13,1,A.Miller,CHI,DET,,0.0,0.0
2020-09-13,1,J.Wims,CHI,DET,,0.0,0.0
2020-09-13,1,D.Swift,DET,CHI,7.0,1.0,0.0
2020-09-13,1,T.Hockenson,DET,CHI,16.0,1.0,0.0
2020-09-13,1,T.Hockenson,DET,CHI,24.0,1.0,0.0
2020-09-13,1,D.Amendola,DET,CHI,15.0,1.0,0.0
2020-09-13,1,Q.Cephus,DET,CHI,14.0,1.0,0.0
2020-09-13,1,M.Jones,DET,CHI,16.0,1.0,0.0
2020-09-13,1,T.Hockenson,DET,CHI,4.0,1.0,1.0
2020-09-13,1,D.Mooney,CHI,DET,0.0,1.0,0.0
2020-09-13,1,A.Peterson,DET,CHI,9.0,1.0,0.0
2020-09-13,1,M.Jones,DET,CHI,,0.0,0.0
2020-09-13,1,D.Montgomery,CHI,DET,,0.0,0.0
2020-09-13,1,A.Miller,CHI,DET,18.0,1.0,0.0
2020-09-13,1,A.Robinson,CHI,DET,22.0,1.0,0.0
2020-09-13,1,D.Harris,CHI,DET,,0.0,0.0
2020-09-13,1,T.Cohen,CHI,DET,3.0,1.0,0.0
2020-09-13,1,A.Robinson,CHI,DET,5.0,1.0,0.0
2020-09-13,1,D.Montgomery,CHI,DET,,0.0,0.0
2020-09-13,1,J.Graham,CHI,DET,2.0,1.0,1.0
2020-09-13,1,T.Hockenson,DET,CHI,4.0,1.0,0.0
2020-09-13,1,Q.Cephus,DET,CHI,9.0,1.0,0.0
2020-09-13,1,Q.Cephus,DET,CHI,,0.0,0.0
2020-09-13,1,D.Swift,DET,CHI,,0.0,0.0
2020-09-13,1,A.Robinson,CHI,DET,,0.0,0.0
2020-09-13,1,A.Peterson,DET,CHI,4.0,1.0,0.0
2020-09-13,1,Q.Cephus,DET,CHI,,0.0,0.0
2020-09-13,1,D.Swift,DET,CHI,5.0,1.0,0.0
2020-09-13,1,J.Graham,CHI,DET,7.0,1.0,0.0
2020-09-13,1,A.Miller,CHI,DET,18.0,1.0,0.0
2020-09-13,1,A.Miller,CHI,DET,13.0,1.0,0.0
2020-09-13,1,J.Graham,CHI,DET,16.0,1.0,0.0
2020-09-13,1,J.Wims,CHI,DET,1.0,1.0,1.0
2020-09-13,1,M.Jones,DET,CHI,,0.0,0.0
2020-09-13,1,A.Miller,CHI,DET,27.0,1.0,1.0
2020-09-13,1,M.Jones,DET,CHI,11.0,1.0,0.0
2020-09-13,1,Q.Cephus,DET,CHI,,0.0,0.0
2020-09-13,1,D.Amendola,DET,CHI,5.0,1.0,0.0
2020-09-13,1,D.Swift,DET,CHI,3.0,1.0,0.0
2020-09-13,1,Q.Cephus,DET,CHI,,0.0,0.0
2020-09-13,1,D.Amendola,DET,CHI,32.0,1.0,0.0
2020-09-13,1,D.Swift,DET,CHI,,0.0,0.0
2020-09-13,1,M.Jones,DET,CHI,,0.0,0.0
2020-09-13,1,H.Bryant,CLE,BAL,5.0,1.0,0.0
2020-09-13,1,N.Chubb,CLE,BAL,6.0,1.0,0.0
2020-09-13,1,K.Hunt,CLE,BAL,,0.0,0.0
2020-09-13,1,K.Hodge,CLE,BAL,,0.0,0.0
2020-09-13,1,D.Duvernay,BAL,CLE,12.0,1.0,0.0
2020-09-13,1,M.Andrews,BAL,CLE,5.0,1.0,1.0
2020-09-13,1,H.Bryant,CLE,BAL,,0.0,0.0
2020-09-13,1,J.Landry,CLE,BAL,16.0,1.0,0.0
2020-09-13,1,A.Hooper,CLE,BAL,6.0,1.0,0.0
2020-09-13,1,D.Njoku,CLE,BAL,1.0,1.0,1.0
2020-09-13,1,M.Brown,BAL,CLE,47.0,1.0,0.0
2020-09-13,1,J.Landry,CLE,BAL,8.0,1.0,0.0
2020-09-13,1,J.Landry,CLE,BAL,,0.0,0.0
2020-09-13,1,J.Landry,CLE,BAL,13.0,1.0,0.0
2020-09-13,1,A.Hooper,CLE,BAL,9.0,1.0,0.0
2020-09-13,1,O.Beckham,CLE,BAL,1.0,1.0,0.0
2020-09-13,1,O.Beckham,CLE,BAL,,0.0,0.0
2020-09-13,1,P.Ricard,BAL,CLE,9.0,1.0,0.0
2020-09-13,1,M.Boykin,BAL,CLE,25.0,1.0,0.0
2020-09-13,1,M.Brown,BAL,CLE,21.0,1.0,0.0
2020-09-13,1,M.Brown,BAL,CLE,4.0,1.0,0.0
2020-09-13,1,W.Snead,BAL,CLE,16.0,1.0,0.0
2020-09-13,1,O.Beckham,CLE,BAL,16.0,1.0,0.0
2020-09-13,1,D.Njoku,CLE,BAL,28.0,1.0,0.0
2020-09-13,1,K.Hunt,CLE,BAL,8.0,1.0,0.0
2020-09-13,1,O.Beckham,CLE,BAL,,0.0,0.0
2020-09-13,1,W.Snead,BAL,CLE,20.0,1.0,0.0
2020-09-13,1,M.Brown,BAL,CLE,13.0,1.0,0.0
2020-09-13,1,M.Brown,BAL,CLE,16.0,1.0,0.0
2020-09-13,1,M.Andrews,BAL,CLE,11.0,1.0,0.0
2020-09-13,1,M.Andrews,BAL,CLE,,0.0,0.0
2020-09-13,1,M.Boykin,BAL,CLE,,0.0,0.0
2020-09-13,1,M.Andrews,BAL,CLE,9.0,1.0,1.0
2020-09-13,1,N.Boyle,BAL,CLE,,0.0,0.0
2020-09-13,1,O.Beckham,CLE,BAL,,0.0,0.0
2020-09-13,1,K.Hunt,CLE,BAL,,0.0,0.0
2020-09-13,1,O.Beckham,CLE,BAL,,0.0,0.0
2020-09-13,1,O.Beckham,CLE,BAL,,0.0,0.0
2020-09-13,1,N.Boyle,BAL,CLE,4.0,1.0,0.0
2020-09-13,1,M.Andrews,BAL,CLE,21.0,1.0,0.0
2020-09-13,1,W.Snead,BAL,CLE,19.0,1.0,1.0
2020-09-13,1,J.Landry,CLE,BAL,20.0,1.0,0.0
2020-09-13,1,O.Beckham,CLE,BAL,5.0,1.0,0.0
2020-09-13,1,D.Njoku,CLE,BAL,21.0,1.0,0.0
2020-09-13,1,K.Hunt,CLE,BAL,3.0,1.0,0.0
2020-09-13,1,K.Hunt,CLE,BAL,-2.0,1.0,0.0
2020-09-13,1,K.Hodge,CLE,BAL,,0.0,0.0
2020-09-13,1,M.Andrews,BAL,CLE,12.0,1.0,0.0
2020-09-13,1,N.Boyle,BAL,CLE,-1.0,1.0,0.0
2020-09-13,1,M.Brown,BAL,CLE,,0.0,0.0
2020-09-13,1,J.Landry,CLE,BAL,4.0,1.0,0.0
2020-09-13,1,M.Boykin,BAL,CLE,2.0,1.0,0.0
2020-09-13,1,K.Hunt,CLE,BAL,0.0,1.0,0.0
2020-09-13,1,R.Higgins,CLE,BAL,9.0,1.0,0.0
2020-09-13,1,S.Carlson,CLE,BAL,,0.0,0.0
2020-09-13,1,O.Beckham,CLE,BAL,,0.0,0.0
2020-09-13,1,M.Boykin,BAL,CLE,10.0,1.0,0.0
2020-09-13,1,K.Hodge,CLE,BAL,12.0,1.0,0.0
2020-09-13,1,O.Beckham,CLE,BAL,,0.0,0.0
2020-09-13,1,W.Snead,BAL,CLE,9.0,1.0,0.0
2020-09-13,1,R.Woods,LA,DAL,20.0,1.0,0.0
2020-09-13,1,R.Woods,LA,DAL,31.0,1.0,0.0
2020-09-13,1,R.Woods,LA,DAL,9.0,1.0,0.0
2020-09-13,1,A.Cooper,DAL,LA,9.0,1.0,0.0
2020-09-13,1,E.Elliott,DAL,LA,10.0,1.0,0.0
2020-09-13,1,T.Pollard,DAL,LA,,0.0,0.0
2020-09-13,1,M.Brown,LA,DAL,18.0,1.0,0.0
2020-09-13,1,R.Woods,LA,DAL,,0.0,0.0
2020-09-13,1,M.Brown,LA,DAL,6.0,1.0,0.0
2020-09-13,1,C.Akers,LA,DAL,4.0,1.0,0.0
2020-09-13,1,C.Kupp,LA,DAL,8.0,1.0,0.0
2020-09-13,1,T.Higbee,LA,DAL,4.0,1.0,0.0
2020-09-13,1,R.Woods,LA,DAL,5.0,1.0,0.0
2020-09-13,1,M.Gallup,DAL,LA,24.0,1.0,0.0
2020-09-13,1,T.Pollard,DAL,LA,4.0,1.0,0.0
2020-09-13,1,A.Cooper,DAL,LA,5.0,1.0,0.0
2020-09-13,1,C.Lamb,DAL,LA,33.0,1.0,0.0
2020-09-13,1,A.Cooper,DAL,LA,6.0,1.0,0.0
2020-09-13,1,E.Elliott,DAL,LA,19.0,1.0,1.0
2020-09-13,1,G.Everett,LA,DAL,,0.0,0.0
2020-09-13,1,T.Higbee,LA,DAL,21.0,1.0,0.0
2020-09-13,1,C.Kupp,LA,DAL,11.0,1.0,0.0
2020-09-13,1,M.Brown,LA,DAL,,0.0,0.0
2020-09-13,1,C.Kupp,LA,DAL,,0.0,0.0
2020-09-13,1,C.Lamb,DAL,LA,3.0,1.0,0.0
2020-09-13,1,T.Pollard,DAL,LA,18.0,1.0,0.0
2020-09-13,1,E.Elliott,DAL,LA,,0.0,0.0
2020-09-13,1,C.Lamb,DAL,LA,,0.0,0.0
2020-09-13,1,V.Jefferson,LA,DAL,31.0,1.0,0.0
2020-09-13,1,A.Cooper,DAL,LA,9.0,1.0,0.0
2020-09-13,1,B.Jarwin,DAL,LA,12.0,1.0,0.0
2020-09-13,1,C.Lamb,DAL,LA,12.0,1.0,0.0
2020-09-13,1,M.Gallup,DAL,LA,14.0,1.0,0.0
2020-09-13,1,C.Lamb,DAL,LA,9.0,1.0,0.0
2020-09-13,1,D.Schultz,DAL,LA,11.0,1.0,0.0
2020-09-13,1,R.Woods,LA,DAL,10.0,1.0,0.0
2020-09-13,1,G.Everett,LA,DAL,7.0,1.0,0.0
2020-09-13,1,R.Woods,LA,DAL,30.0,1.0,0.0
2020-09-13,1,C.Kupp,LA,DAL,6.0,1.0,0.0
2020-09-13,1,J.Reynolds,LA,DAL,17.0,1.0,0.0
2020-09-13,1,M.Gallup,DAL,LA,12.0,1.0,0.0
2020-09-13,1,A.Cooper,DAL,LA,,0.0,0.0
2020-09-13,1,M.Gallup,DAL,LA,,0.0,0.0
2020-09-13,1,T.Higbee,LA,DAL,,0.0,0.0
2020-09-13,1,V.Jefferson,LA,DAL,,0.0,0.0
2020-09-13,1,A.Cooper,DAL,LA,11.0,1.0,0.0
2020-09-13,1,D.Schultz,DAL,LA,,0.0,0.0
2020-09-13,1,A.Cooper,DAL,LA,,0.0,0.0
2020-09-13,1,R.Woods,LA,DAL,,0.0,0.0
2020-09-13,1,A.Cooper,DAL,LA,11.0,1.0,0.0
2020-09-13,1,A.Cooper,DAL,LA,14.0,1.0,0.0
2020-09-13,1,D.Schultz,DAL,LA,,0.0,0.0
2020-09-13,1,C.Lamb,DAL,LA,2.0,1.0,0.0
2020-09-13,1,M.Brown,LA,DAL,7.0,1.0,0.0
2020-09-13,1,C.Kupp,LA,DAL,15.0,1.0,0.0
2020-09-13,1,V.Jefferson,LA,DAL,,0.0,0.0
2020-09-13,1,T.Higbee,LA,DAL,15.0,1.0,0.0
2020-09-13,1,E.Elliott,DAL,LA,2.0,1.0,0.0
2020-09-13,1,A.Cooper,DAL,LA,,0.0,0.0
2020-09-13,1,A.Cooper,DAL,LA,5.0,1.0,0.0
2020-09-13,1,A.Cooper,DAL,LA,7.0,1.0,0.0
2020-09-13,1,A.Cooper,DAL,LA,4.0,1.0,0.0
2020-09-13,1,D.Schultz,DAL,LA,,0.0,0.0
2020-09-13,1,A.Cooper,DAL,LA,,0.0,0.0
2020-09-13,1,M.Gallup,DAL,LA,,0.0,0.0
2020-09-13,1,A.Jones,GB,MIN,6.0,1.0,0.0
2020-09-13,1,T.Ervin,GB,MIN,6.0,1.0,0.0
2020-09-13,1,D.Adams,GB,MIN,7.0,1.0,0.0
2020-09-13,1,A.Lazard,GB,MIN,9.0,1.0,0.0
2020-09-13,1,J.Williams,GB,MIN,15.0,1.0,0.0
2020-09-13,1,J.Williams,GB,MIN,-1.0,1.0,0.0
2020-09-13,1,A.Jones,GB,MIN,-1.0,1.0,0.0
2020-09-13,1,A.Jones,GB,MIN,,0.0,0.0
2020-09-13,1,A.Thielen,MIN,GB,7.0,1.0,0.0
2020-09-13,1,A.Thielen,MIN,GB,25.0,1.0,0.0
2020-09-13,1,D.Adams,GB,MIN,14.0,1.0,0.0
2020-09-13,1,J.Sternberger,GB,MIN,,0.0,0.0
2020-09-13,1,D.Adams,GB,MIN,12.0,1.0,0.0
2020-09-13,1,D.Adams,GB,MIN,7.0,1.0,0.0
2020-09-13,1,D.Adams,GB,MIN,10.0,1.0,0.0
2020-09-13,1,A.Jones,GB,MIN,,0.0,0.0
2020-09-13,1,D.Adams,GB,MIN,,0.0,0.0
2020-09-13,1,D.Adams,GB,MIN,18.0,1.0,0.0
2020-09-13,1,J.Deguara,GB,MIN,12.0,1.0,0.0
2020-09-13,1,J.Williams,GB,MIN,1.0,1.0,0.0
2020-09-13,1,J.Deguara,GB,MIN,,0.0,0.0
2020-09-13,1,J.Williams,GB,MIN,6.0,1.0,0.0
2020-09-13,1,D.Adams,GB,MIN,3.0,1.0,0.0
2020-09-13,1,D.Adams,GB,MIN,8.0,1.0,0.0
2020-09-13,1,D.Adams,GB,MIN,24.0,1.0,1.0
2020-09-13,1,A.Thielen,MIN,GB,,0.0,0.0
2020-09-13,1,A.Thielen,MIN,GB,,0.0,0.0
2020-09-13,1,D.Adams,GB,MIN,,0.0,0.0
2020-09-13,1,M.Valdes-Scantling,GB,MIN,45.0,1.0,1.0
2020-09-13,1,K.Rudolph,MIN,GB,22.0,1.0,0.0
2020-09-13,1,J.Jefferson,MIN,GB,,0.0,0.0
2020-09-13,1,J.Jefferson,MIN,GB,9.0,1.0,0.0
2020-09-13,1,D.Adams,GB,MIN,8.0,1.0,0.0
2020-09-13,1,D.Adams,GB,MIN,1.0,1.0,0.0
2020-09-13,1,M.Valdes-Scantling,GB,MIN,,0.0,0.0
2020-09-13,1,D.Cook,MIN,GB,-2.0,1.0,0.0
2020-09-13,1,O.Johnson,MIN,GB,5.0,1.0,0.0
2020-09-13,1,T.Sharpe,MIN,GB,,0.0,0.0
2020-09-13,1,M.Valdes-Scantling,GB,MIN,,0.0,0.0
2020-09-13,1,A.Lazard,GB,MIN,12.0,1.0,0.0
2020-09-13,1,D.Adams,GB,MIN,3.0,1.0,0.0
2020-09-13,1,M.Valdes-Scantling,GB,MIN,39.0,1.0,0.0
2020-09-13,1,D.Adams,GB,MIN,1.0,1.0,1.0
2020-09-13,1,O.Johnson,MIN,GB,29.0,1.0,0.0
2020-09-13,1,A.Thielen,MIN,GB,37.0,1.0,1.0
2020-09-13,1,D.Adams,GB,MIN,,0.0,0.0
2020-09-13,1,A.Lazard,GB,MIN,38.0,1.0,0.0
2020-09-13,1,A.Jones,GB,MIN,1.0,1.0,0.0
2020-09-13,1,A.Lazard,GB,MIN,4.0,1.0,1.0
2020-09-13,1,A.Thielen,MIN,GB,10.0,1.0,0.0
2020-09-13,1,D.Cook,MIN,GB,,0.0,0.0
2020-09-13,1,I.Smith,MIN,GB,11.0,1.0,0.0
2020-09-13,1,J.Jefferson,MIN,GB,17.0,1.0,0.0
2020-09-13,1,O.Johnson,MIN,GB,22.0,1.0,0.0
2020-09-13,1,A.Jones,GB,MIN,4.0,1.0,0.0
2020-09-13,1,M.Valdes-Scantling,GB,MIN,6.0,1.0,0.0
2020-09-13,1,D.Adams,GB,MIN,40.0,1.0,0.0
2020-09-13,1,M.Valdes-Scantling,GB,MIN,6.0,1.0,0.0
2020-09-13,1,K.Rudolph,MIN,GB,6.0,1.0,0.0
2020-09-13,1,A.Mattison,MIN,GB,7.0,1.0,0.0
2020-09-13,1,A.Mattison,MIN,GB,9.0,1.0,0.0
2020-09-13,1,A.Mattison,MIN,GB,9.0,1.0,0.0
2020-09-13,1,O.Johnson,MIN,GB,,0.0,0.0
2020-09-13,1,A.Mattison,MIN,GB,5.0,1.0,0.0
2020-09-13,1,A.Thielen,MIN,GB,12.0,1.0,0.0
2020-09-13,1,A.Thielen,MIN,GB,19.0,1.0,1.0
2020-09-13,1,A.Thielen,MIN,GB,,0.0,0.0
2020-09-10,1,W.Fuller,HOU,KC,,0.0,0.0
2020-09-10,1,Da.Johnson,HOU,KC,,0.0,0.0
2020-09-10,1,D.Williams,KC,HOU,6.0,1.0,0.0
2020-09-10,1,M.Hardman,KC,HOU,6.0,1.0,0.0
2020-09-10,1,T.Kelce,KC,HOU,11.0,1.0,0.0
2020-09-10,1,D.Robinson,KC,HOU,,0.0,0.0
2020-09-10,1,D.Robinson,KC,HOU,,0.0,0.0
2020-09-10,1,D.Fells,HOU,KC,12.0,1.0,0.0
2020-09-10,1,Da.Johnson,HOU,KC,5.0,1.0,0.0
2020-09-10,1,W.Fuller,HOU,KC,6.0,1.0,0.0
2020-09-10,1,B.Cooks,HOU,KC,11.0,1.0,0.0
2020-09-10,1,B.Cooks,HOU,KC,9.0,1.0,0.0
2020-09-10,1,T.Hill,KC,HOU,7.0,1.0,0.0
2020-09-10,1,T.Kelce,KC,HOU,15.0,1.0,0.0
2020-09-10,1,S.Watkins,KC,HOU,10.0,1.0,0.0
2020-09-10,1,S.Watkins,KC,HOU,13.0,1.0,0.0
2020-09-10,1,T.Kelce,KC,HOU,2.0,1.0,0.0
2020-09-10,1,D.Robinson,KC,HOU,,0.0,0.0
2020-09-10,1,T.Kelce,KC,HOU,6.0,1.0,1.0
2020-09-10,1,W.Fuller,HOU,KC,19.0,1.0,0.0
2020-09-10,1,T.Kelce,KC,HOU,5.0,1.0,0.0
2020-09-10,1,T.Hill,KC,HOU,,0.0,0.0
2020-09-10,1,D.Robinson,KC,HOU,4.0,1.0,0.0
2020-09-10,1,D.Robinson,KC,HOU,9.0,1.0,0.0
2020-09-10,1,S.Watkins,KC,HOU,9.0,1.0,0.0
2020-09-10,1,S.Watkins,KC,HOU,2.0,1.0,1.0
2020-09-10,1,D.Fells,HOU,KC,7.0,1.0,0.0
2020-09-10,1,B.Cooks,HOU,KC,,0.0,0.0
2020-09-10,1,Da.Johnson,HOU,KC,15.0,1.0,0.0
2020-09-10,1,B.Cooks,HOU,KC,,0.0,0.0
2020-09-10,1,J.Akins,HOU,KC,20.0,1.0,0.0
2020-09-10,1,D.Johnson,HOU,KC,,0.0,0.0
2020-09-10,1,W.Fuller,HOU,KC,,0.0,0.0
2020-09-10,1,S.Watkins,KC,HOU,,0.0,0.0
2020-09-10,1,S.Watkins,KC,HOU,17.0,1.0,0.0
2020-09-10,1,T.Kelce,KC,HOU,11.0,1.0,0.0
2020-09-10,1,T.Hill,KC,HOU,7.0,1.0,0.0
2020-09-10,1,S.Watkins,KC,HOU,12.0,1.0,0.0
2020-09-10,1,T.Hill,KC,HOU,14.0,1.0,0.0
2020-09-10,1,D.Robinson,KC,HOU,7.0,1.0,0.0
2020-09-10,1,W.Fuller,HOU,KC,8.0,1.0,0.0
2020-09-10,1,W.Fuller,HOU,KC,7.0,1.0,0.0
2020-09-10,1,S.Watkins,KC,HOU,19.0,1.0,0.0
2020-09-10,1,C.Edwards-Helaire,KC,HOU,,0.0,0.0
2020-09-10,1,T.Hill,KC,HOU,15.0,1.0,0.0
2020-09-10,1,D.Williams,KC,HOU,1.0,1.0,0.0
2020-09-10,1,W.Fuller,HOU,KC,20.0,1.0,0.0
2020-09-10,1,B.Cooks,HOU,KC,,0.0,0.0
2020-09-10,1,S.Watkins,KC,HOU,,0.0,0.0
2020-09-10,1,T.Hill,KC,HOU,3.0,1.0,1.0
2020-09-10,1,W.Fuller,HOU,KC,10.0,1.0,0.0
2020-09-10,1,Da.Johnson,HOU,KC,12.0,1.0,0.0
2020-09-10,1,K.Stills,HOU,KC,,0.0,0.0
2020-09-10,1,K.Stills,HOU,KC,,0.0,0.0
2020-09-10,1,W.Fuller,HOU,KC,11.0,1.0,0.0
2020-09-10,1,J.Akins,HOU,KC,19.0,1.0,1.0
2020-09-10,1,R.Cobb,HOU,KC,,0.0,0.0
2020-09-10,1,C.Edwards-Helaire,KC,HOU,,0.0,0.0
2020-09-10,1,W.Fuller,HOU,KC,31.0,1.0,0.0
2020-09-10,1,R.Cobb,HOU,KC,17.0,1.0,0.0
2020-09-10,1,R.Cobb,HOU,KC,,0.0,0.0
2020-09-10,1,D.Carter,HOU,KC,8.0,1.0,0.0
2020-09-10,1,R.Cobb,HOU,KC,6.0,1.0,0.0
2020-09-10,1,D.Carter,HOU,KC,,0.0,0.0
2020-09-13,1,M.Mack,IND,JAX,8.0,1.0,0.0
2020-09-13,1,P.Campbell,IND,JAX,21.0,1.0,0.0
2020-09-13,1,M.Pittman,IND,JAX,5.0,1.0,0.0
2020-09-13,1,K.Cole,JAX,IND,5.0,1.0,0.0
2020-09-13,1,L.Shenault,JAX,IND,4.0,1.0,0.0
2020-09-13,1,C.Thompson,JAX,IND,4.0,1.0,0.0
2020-09-13,1,C.Thompson,JAX,IND,2.0,1.0,0.0
2020-09-13,1,P.Campbell,IND,JAX,18.0,1.0,0.0
2020-09-13,1,M.Mack,IND,JAX,19.0,1.0,0.0
2020-09-13,1,J.Doyle,IND,JAX,,0.0,0.0
2020-09-13,1,Z.Pascal,IND,JAX,6.0,1.0,0.0
2020-09-13,1,L.Shenault,JAX,IND,,0.0,0.0
2020-09-13,1,D.Chark,JAX,IND,7.0,1.0,0.0
2020-09-13,1,T.Hilton,IND,JAX,20.0,1.0,0.0
2020-09-13,1,T.Hilton,IND,JAX,,0.0,0.0
2020-09-13,1,P.Campbell,IND,JAX,0.0,1.0,0.0
2020-09-13,1,T.Hilton,IND,JAX,,0.0,0.0
2020-09-13,1,D.Chark,JAX,IND,6.0,1.0,1.0
2020-09-13,1,N.Hines,IND,JAX,6.0,1.0,0.0
2020-09-13,1,P.Campbell,IND,JAX,17.0,1.0,0.0
2020-09-13,1,P.Campbell,IND,JAX,,0.0,0.0
2020-09-13,1,M.Mack,IND,JAX,3.0,1.0,0.0
2020-09-13,1,T.Hilton,IND,JAX,14.0,1.0,0.0
2020-09-13,1,J.Taylor,IND,JAX,35.0,1.0,0.0
2020-09-13,1,N.Hines,IND,JAX,8.0,1.0,1.0
2020-09-13,1,L.Shenault,JAX,IND,18.0,1.0,0.0
2020-09-13,1,K.Cole,JAX,IND,4.0,1.0,0.0
2020-09-13,1,K.Cole,JAX,IND,10.0,1.0,0.0
2020-09-13,1,D.Chark,JAX,IND,12.0,1.0,0.0
2020-09-13,1,K.Cole,JAX,IND,6.0,1.0,0.0
2020-09-13,1,L.Shenault,JAX,IND,15.0,1.0,1.0
2020-09-13,1,T.Hilton,IND,JAX,11.0,1.0,0.0
2020-09-13,1,N.Hines,IND,JAX,0.0,1.0,0.0
2020-09-13,1,Z.Pascal,IND,JAX,12.0,1.0,0.0
2020-09-13,1,J.Doyle,IND,JAX,12.0,1.0,0.0
2020-09-13,1,J.Doyle,IND,JAX,9.0,1.0,0.0
2020-09-13,1,N.Hines,IND,JAX,3.0,1.0,0.0
2020-09-13,1,J.Doyle,IND,JAX,28.0,1.0,0.0
2020-09-13,1,N.Hines,IND,JAX,8.0,1.0,0.0
2020-09-13,1,M.Alie-Cox,IND,JAX,13.0,1.0,0.0
2020-09-13,1,J.Taylor,IND,JAX,4.0,1.0,0.0
2020-09-13,1,T.Hilton,IND,JAX,,0.0,0.0
2020-09-13,1,J.O'Shaughnessy,JAX,IND,0.0,1.0,0.0
2020-09-13,1,C.Johnson,JAX,IND,14.0,1.0,0.0
2020-09-13,1,C.Conley,JAX,IND,6.0,1.0,0.0
2020-09-13,1,J.Taylor,IND,JAX,5.0,1.0,0.0
2020-09-13,1,Z.Pascal,IND,JAX,,0.0,0.0
2020-09-13,1,P.Campbell,IND,JAX,3.0,1.0,0.0
2020-09-13,1,J.Taylor,IND,JAX,17.0,1.0,0.0
2020-09-13,1,N.Hines,IND,JAX,9.0,1.0,0.0
2020-09-13,1,J.Taylor,IND,JAX,6.0,1.0,0.0
2020-09-13,1,N.Hines,IND,JAX,7.0,1.0,0.0
2020-09-13,1,J.Robinson,JAX,IND,28.0,1.0,0.0
2020-09-13,1,T.Eifert,JAX,IND,8.0,1.0,0.0
2020-09-13,1,B.Miller,JAX,IND,2.0,1.0,0.0
2020-09-13,1,K.Cole,JAX,IND,22.0,1.0,1.0
2020-09-13,1,J.Taylor,IND,JAX,0.0,1.0,0.0
2020-09-13,1,M.Alie-Cox,IND,JAX,7.0,1.0,0.0
2020-09-13,1,P.Campbell,IND,JAX,,0.0,0.0
2020-09-13,1,N.Hines,IND,JAX,4.0,1.0,0.0
2020-09-13,1,T.Hilton,IND,JAX,8.0,1.0,0.0
2020-09-13,1,P.Campbell,IND,JAX,12.0,1.0,0.0
2020-09-13,1,M.Pittman,IND,JAX,5.0,1.0,0.0
2020-09-13,1,T.Hilton,IND,JAX,,0.0,0.0
2020-09-13,1,P.Campbell,IND,JAX,,0.0,0.0
2020-09-13,1,T.Hilton,IND,JAX,,0.0,0.0
2020-09-13,1,J.Mixon,CIN,LAC,2.0,1.0,0.0
2020-09-13,1,M.Thomas,CIN,LAC,,0.0,0.0
2020-09-13,1,K.Allen,LAC,CIN,,0.0,0.0
2020-09-13,1,K.Allen,LAC,CIN,10.0,1.0,0.0
2020-09-13,1,M.Williams,LAC,CIN,,0.0,0.0
2020-09-13,1,M.Williams,LAC,CIN,,0.0,0.0
2020-09-13,1,A.Green,CIN,LAC,11.0,1.0,0.0
2020-09-13,1,D.Sample,CIN,LAC,7.0,1.0,0.0
2020-09-13,1,A.Green,CIN,LAC,4.0,1.0,0.0
2020-09-13,1,J.Ross III,CIN,LAC,2.0,1.0,0.0
2020-09-13,1,H.Henry,LAC,CIN,4.0,1.0,0.0
2020-09-13,1,K.Allen,LAC,CIN,,0.0,0.0
2020-09-13,1,J.Mixon,CIN,LAC,,0.0,0.0
2020-09-13,1,M.Williams,LAC,CIN,,0.0,0.0
2020-09-13,1,J.Ross III,CIN,LAC,,0.0,0.0
2020-09-13,1,A.Green,CIN,LAC,13.0,1.0,0.0
2020-09-13,1,C.Uzomah,CIN,LAC,,0.0,0.0
2020-09-13,1,K.Allen,LAC,CIN,13.0,1.0,0.0
2020-09-13,1,H.Henry,LAC,CIN,,0.0,0.0
2020-09-13,1,M.Williams,LAC,CIN,15.0,1.0,0.0
2020-09-13,1,H.Henry,LAC,CIN,7.0,1.0,0.0
2020-09-13,1,G.Bernard,CIN,LAC,6.0,1.0,0.0
2020-09-13,1,H.Henry,LAC,CIN,7.0,1.0,0.0
2020-09-13,1,V.Green,LAC,CIN,,0.0,0.0
2020-09-13,1,M.Williams,LAC,CIN,37.0,1.0,0.0
2020-09-13,1,K.Allen,LAC,CIN,,0.0,0.0
2020-09-13,1,H.Henry,LAC,CIN,,0.0,0.0
2020-09-13,1,H.Henry,LAC,CIN,22.0,1.0,0.0
2020-09-13,1,G.Bernard,CIN,LAC,1.0,1.0,0.0
2020-09-13,1,C.Uzomah,CIN,LAC,5.0,1.0,0.0
2020-09-13,1,A.Green,CIN,LAC,,0.0,0.0
2020-09-13,1,M.Williams,LAC,CIN,10.0,1.0,0.0
